DGS110005_firmware_R1_10_002.bin,2013-09-10
DGS-1100-05-A1_Firmware_V1_10_011_99A6.bin,2014-10-06
DGS-1100-05-A1_FW_V1_10_023_6A97.bin,2016-01-07
DGS-1100-05-REVA1_FW_V1_10_014_E2C8.bin,2015-05-08
DGS-1100-05_08_B1_V1.00.016_EECC.bin,2017-06-14
DGS-1100-05PD_B1_V1.00.016_E0A3.bin,2017-06-13
Firmware 1.10.002.bin,2012-10-04
DGS-1100-08-A1_FW_V1_10_011_CA42.bin,2013-02-28
DGS-1100-08-A1_FW_V1_10_030_4B2F.bin,2015-01-14
DGS-1100-08-A1_FW_V1_10_033_33B2.bin,2015-05-08
DGS-1100-08_A1_FW_V1_10_039_612C.bin,2016-01-07
DGS-1100-05_08_B1_V1.00.016_EECC.bin,2017-06-14
DGS110008P_firmware_R1_10_005.bin,2013-09-10
DGS-1100-08P_A1_Firmware_V1_10_017_1620.bin,2014-10-06
DGS-1100-08P_A1_Firmware_V1_10_027_83E5.bin,2016-01-07
DGS-1100-08P_REVA1_FIRMWARE_v1_10_021_1D61.bin,2015-05-08
DGS-1100-08P_B1_V1.00.016_F8EB.bin,2017-06-14
DGS-1100-08PD_B1_1.00.006.bix,2018-02-06
DGS-1100-08PD_B1_1.00.B008(1023152203).bix,2018-11-29
DGS-1100-16_24_A1_FW_V1_10_016_8176.bin,2015-01-14
Firmware_1.00.009.bin,2012-05-08
Firmware_1.00.012.bin,2012-10-04
Firmware 1.10.005.bin,2012-10-04
DGS-1100-16&24_A1_FW_V1_10_011_083A.bin,2013-03-11
DGS-1100-16_24_A1_FW_V1_10_016_8176.bin,2015-01-14
Firmware_1.00.009.bin,2012-05-08
Firmware_1.00.012.bin,2012-10-04
Firmware 1.10.005.bin,2012-10-04
DGS-1100-16&24_A1_FW_V1_10_011_083A.bin,2013-03-11
DGS-1100_MP_MPP_C1_2.00.06.bix,2019-03-19
DGS-1100_MP_MPP_C1_2.00.B070(0709140458).bix,2019-07-23
DGS-1100_MP_MPP_C1_2.00.B072(0724114442).bix,2019-08-21
DGS-1210-52ME-B1-7-01-048-ALL.hex,2017-05-18
DGS-1210-10-C1-4-00-055.hex,2015-03-19
DGS-1210-10-C1-4-00-064.hex,2015-03-24
DGS-1210-10-C1-4-10-004.hex,2016-11-29
DGS-1210-10-F1-6-00-016.hex,2017-05-16
DGS-1210-10ME-B1-7-02-B051.hex,2018-10-20
DGS-1210-10ME-B1-7-03-006.hex,2019-02-22
DGS-1210-10MP-F1-6-00-016.hex,2017-10-12
DGS-1210-10P_A2_2_03_001.hex,2012-09-06
dgs121010p_fw_202A005.hex,2012-07-27
DGS-1210-10P_A1_v1.00.015.hex,2010-05-26
DGS-1210-10P_A1_2_00_011.hex,2010-08-30
DGS-1210-10P-B1-3-10-013.hex,2013-10-28
DGS-1210-10P-B1-3-12-015.hex,2014-07-09
DGS-1210-10P-C1-4-00-057.hex,2015-03-19
DGS-1210-10P-C1-4-00-064.hex,2015-07-20
DGS-1210-10P_REVC1_4-10-004.hex,2016-05-19
DGS-1210-10P-F1-6-00-016.hex,2017-05-22
DGS-1210-10PME-B1-7-01-048-ALL.hex,2017-05-18
DGS-1210-10PME-B1-7-02-B051.hex,2018-12-08
DGS-1210-10PME-B1-7-03-006.hex,2019-02-22
DGS-1210-10PME-B1-7-03-B011(0516094135).hex,2019-07-19
DGS-1210-16_A1_1.00.015.hex,2010-05-17
DGS-1210-16_A1_FW_v2.00.011.hex,2010-10-11
dgs121016_fw_201014.hex,2012-03-13
dgs121016_fw_202A005.hex,2012-07-27
DGS-1210-16_A1_2_03_001.hex,2012-09-06
DGS-1210-20-B1-3-10-013.hex,2013-10-28
dgs121010p_fw_202A005.hex,2012-07-27
DGS-1210-10P_A1_v1.00.015.hex,2010-05-26
DGS-1210-10P_A1_2_00_011.hex,2010-08-30
DGS-1210-20-C1-4-00-041.hex,2015-03-20
DGS-1210-20-REVC1_FIRMWARE_4-00-B055_BETA.hex,2014-09-29
DGS-1210-20-C1-4-00-064.hex,2015-03-09
DGS-1210-20-C1-4-10-004.hex,2016-11-29
DGS-1210-24_A1_1.00.015.hex,2010-05-17
DGS-1210-24_A1_FW_v2.00.011.hex,2010-10-11
dgs121024_fw_201014.hex,2012-03-13
dgs121024_fw_202A005.hex,2012-07-27
DGS-1210-24_A1_2_03_001.hex,2012-09-06
DGS-1210-26-F1-6-00-016.hex,2018-02-07
DGS-1210-28-B1-3-10-013.hex,2015-07-10
DGS_1210_28_Firmware_R3_00_012.hex,2013-09-10
DGS-1210-28-C1-4-00-064.hex,2015-07-10
DGS-1210-28-C1-4-10-004.hex,2016-11-29
DGS-1210-28_REVC1_FIRMWARE_4-00-B055_BETA.hex,2014-09-29
DGS-1210-28-F1-6-00-016.hex,2017-05-22
DGS-1210-28ME-B1-7-01-048-ALL.hex,2017-05-18
DGS-1210-28ME-B1-7-02-B051.hex,2018-12-08
DGS-1210-28ME-B1-7-03-006.hex,2019-02-22
DGS-1210-28ME-B1-7-02-B056(1217170516)(1218173850).hex,2019-01-29
DGS-1210-28ME-B1-7-03-B012(0711152629).hex,2019-08-22
DGS-1210-28P-B1-3-10-013.hex,2013-10-28
DGS_1210_28P_Firmware_R3_00_012.hex,2013-09-10
DGS-1210-28P-C1-4-00-024.hex,2014-03-05
DGS-1210-28P-C1-4-00-064.hex,2015-03-09
DGS-1210-28P-C1-4-10-004.hex,2016-11-29
DGS-1210-28P_REVC1_FIRMWARE_4-00-B055_BETA.hex,2014-09-29
DGS-1210-28P-F1-6-00-016.hex,2017-05-22
DGS-1210-28PME-B1-7-01-048-ALL.hex,2017-05-22
DGS-1210-28PME-B1-7-02-B051.hex,2018-10-27
DGS-1210-28PME-B1-7-03-006.hex,2019-02-22
dgs121048_fw_201014.hex,2012-03-13
dgs121048_fw_202A005.hex,2012-07-27
DGS-1210-48_A1_1.00.011.hex,2010-05-17
DGS-1210-48_A1_FW_v2.00.011.hex,2010-10-11
dgs121010p_fw_202A005.hex,2012-07-27
DGS_1210_52_Firmware_R3_00_012.hex,2013-09-10
DGS-1210-10P_A1_v1.00.015.hex,2010-05-26
DGS-1210-10P_A1_2_00_011.hex,2010-08-30
DGS-1210-52-C1-4-00-025-ALL.hex,2014-03-05
DGS-1210-52-C1-4-00-064.hex,2015-03-31
DGS-1210-52-C1-4-10-004.hex,2016-11-29
DGS-1210-52-REVC1_FIRMWARE_4-00-B055_BETA.hex,2014-09-29
DGS-1210-52-F1-6-00-016.hex,2017-06-05
DGS-1210-52ME-B1-7-01-048-ALL.hex,2017-05-18
DGS-1210-52ME-B1-7-02-B051.hex,2018-12-08
DGS-1210-52ME-B1-7-03-006.hex,2019-02-21
DGS-1210-52MP-C1-4-00-057.hex,2015-03-20
DGS-1210-52MP-C1-4-00-064.hex,2015-06-15
DGS-1210-52MP-C1-4-10-004.hex,2016-11-29
DGS-1210-52MP-F1-6-00-016.hex,2017-06-05
DGS-1210-52MP-F1-6-00-B021.hex,2017-10-03
DGS-1210-52MPME-B1-7-02-B051.hex,2018-12-08
DGS-1210-52MPME-B1-7-03-006.hex,2019-02-21
DGS-1210-08P_4.22B011(1120122744).had,2019-06-21
DGS-1210-10P_A2_2_03_B024.hex,2017-02-04
DGS-1210-16_A1_2_03_B024.hex,2017-02-04
DGS-1210-24_A1_2_03_B024.hex,2017-02-04
DGS-1210-48_A1_2_03_B024.hex,2017-02-04
DGS-1210-10P-B1-3-12-B061.hex,2018-08-02
DGS-1210-20-B1-3-12-B061.hex,2018-08-02
DGS-1210-28-B1-3-12-B061.hex,2018-08-02
DGS-1210-28P-B1-3-12-B061.hex,2018-08-02
DGS-1210-52-B1-3-12-B061.hex,2018-08-02
DGS-1210-10-C1-4-10-B045(0627172653).hex,2018-11-29
DGS-1210-10P-C1-4-10-B045(0627172659).hex,2018-11-29
DGS-1210-20-C1-4-10-B045(0627172707).hex,2018-11-29
DGS-1210-28-C1-4-10-B045(1018181129).hex,2018-12-05
DGS-1210-28P-C1-4-10-B045(1018181158).hex,2018-12-05
DGS-1210-52-C1-4-10-B045(1029093129).hex,2018-11-29
DGS-1210-52MP-C1-4-10-B045(1018181224).hex,2018-12-05
DGS-1210-52P-C1-4-10-B045(0627172804).hex,2018-11-29
DGS-1210-28-C1-4-10-B046(1123102525).hex,2019-01-11
DGS-1210-52-C1-4-10-B046(1127133531).hex,2019-01-11
DGS-1210-10P-C1-4-10-B047(1210112321)(1212094442).hex,2019-01-12
DGS-1210-28-C1-4-10-B047(1210112248)(1212094525).hex,2019-01-12
DGS-1210-28P-C1-4-10-B047(1212093907).hex,2019-01-12
DGS-1210-52-C1-4-10-B047(1212101444)(1212102646).hex,2019-01-12
DGS-1210-52MP-C1-4-10-B047(1212101219)(1212102729).hex,2019-01-12
DGS-1210-52P-C1-4-10-B047(1212101314)(1212102709).hex,2019-01-12
DGS-1210-F1-SERIES-F1-6-10-007.hex,2017-11-09
DGS1210_10MP.bin,2019-03-12
DGS_121010P.bin,2019-03-13
DGS_121028MP.bin,2019-03-14
DGS-1210-10-F1-6-00-016.hex,2017-05-16
DGS-1210-10MP-F1-6-00-016.hex,2017-10-12
DGS-1210-10P-F1-6-00-016.hex,2017-05-22
DGS-1210-20-F1-6-00-016.hex,2017-05-22
DGS-1210-26-F1-6-00-016.hex,2018-02-07
DGS-1210-28-F1-6-00-016.hex,2017-05-22
DGS-1210-28MP-F1-6-00-016.hex,2019-06-15
DGS-1210-28P-F1-6-00-016.hex,2017-05-22
DGS-1210-52-F1-6-00-016.hex,2017-06-05
DGS-1210-52MP-F1-6-00-016.hex,2017-06-05
DGS-1210-52MP-F1-6-00-B021.hex,2017-10-03
DGS-1210-F1-SERIES-F1-6-10-007.hex,2017-11-09
DGS-1210-F1-SERIES-F1-6-11-B026(0319135037).hex,2019-04-19
DGS-1210-F1-SERIES-F1-6-11-B027(0408100351).hex,2019-04-29
DGS-1210-F1-SERIES-F1-6-11-B033(0805092435).hex,2019-08-21
DGS-1210-08P-G1-7-00-B006.hex,2019-07-16
DGS-1210-G1-7-10-008.hex,2019-02-01
dgs1216T_firmware_101.hex,2004-06-09
1216TFWN.hex,2006-09-20
1216TFWU.hex,2006-09-20
1216Tldr.hex,2006-09-20
DGS-1216T_D1_Firmware_v4.10.06.hex,2007-11-27
dgs1224T_revD_firmware_400b12.hex,2006-06-06
DGS-1216T_D1D2_Boot_v4.20.13.bin,2008-07-14
DGS-1216T_D1D2_FW_v4.20.13.hex,2008-07-14
DGS-1216T_D1D2_42011.hex,2008-04-16
1216TFWU.hex,2009-02-18
1216Tldr.hex,2009-02-18
DGS-1216T_D2_4.21.01.hex,2009-02-18
DGS-1216T_D2_4.21.02.hex,2010-01-27
dgs1224T_firmware_102.hex,2004-06-09
1224TFWN.hex,2006-09-20
1224TFWU.hex,2006-09-20
1224Tldr.hex,2006-09-20
DGS-1224T_D1D2_FW_4.20.11.hex,2008-04-16
DGS-1224T_D1_Firmware_v4.10.09.hex,2007-11-27
DGS-1224T_D1_FW v4-00-12.hex,2006-06-06
DGS-1224T_D1D2_Boot_v4.20.12.bin,2008-07-14
DGS-1224T_D1D2_FW_v4.20.12.hex,2008-07-14
1224TFWU.hex,2009-02-18
1224Tldr.hex,2009-02-18
DGS-1224T_D2_4.21.01.hex,2009-02-18
DGS-1224T_D2_4.21.02.hex,2010-06-04
DGS-1224TP_A1_1.00.08.hex,2010-06-04
DGS-1248T_A2G_FW v2-01-03.hex,2007-01-11
DGS1248T_firmware_20015.hex,2005-10-19
layout.bin,2005-08-01
DGS-1248T_B1B2_FW_v3.10.10.hex,2008-05-19
DGS-1248T_B1_Firmware_v3.00.11.hex,2007-11-27
DGS-1248T+B1+FW+v3[1].00.07.hex,2007-03-23
DGS-1248T_B1_FW+v3[1].00.06.hex,2006-10-31
DGS-1248T_B1B2_3_10_12.hex,2008-07-17
DGS-1248T_B2_3.11.01.hex,2009-02-18
DGS-1248T_B2_3.11.02.hex,2010-02-02
DGS-1250_Run_1_00_039.had,2019-06-26
DGS-1500-20_A1_2_50_008.hex,2014-03-05
DGS-1500-20_A1_A2_2_51_005.hex,2014-10-09
DGS-1500-20_A2_2_51_B021.hex,2017-09-22
DGS-1500-20_A2_2_51_B022.hex,2018-04-10
DGS-1500-20_REVA1_A2_FIRMWARE_2_51_B007.hex,2014-09-29
DGS-1500-20 FW R1.00.013.hex,2012-10-18
DGS-1500-20 FW R1.00.015.hex,2012-10-18
DGS-1500-20 FW R1.10.005.hex,2012-10-18
DGS-1500-20 FW R2.00.015.hex,2012-10-18
DGS-1500-28_A1_2_50_008.hex,2014-03-05
DGS-1500-28_A1_A2_2_51_005.hex,2014-10-09
DGS-1500-28_A2_2_51_B021.hex,2017-09-22
DGS-1500-28_A2_2_51_B022.hex,2018-04-10
DGS-1500-28_REVA1_A2_FIRMWARE_2_51_B007.hex,2014-09-29
DGS-1500-28 FW R1.00.013.hex,2011-06-30
DGS-1500-28 FW R1.00.015.hex,2012-10-18
DGS-1500-28 FW R1.10.005.hex,2012-03-09
DGS-1500-28 FW R2.00.015.hex,2012-06-15
DGS-1500-28P_A1_2_50_008.hex,2014-03-05
DGS-1500-28P_A1_A2_2_51_005.hex,2014-10-09
DGS-1500-28P_A2_2_51_B021.hex,2017-09-22
DGS-1500-28P_A2_2_51_B022.hex,2018-04-10
DGS-1500-28P_REVA1_A2_FIRMWARE_2_51_B007.hex,2014-09-29
DGS-1500-28P FW R1.00.018.hex,2012-10-18
DGS-1500-28P FW R1.10.005.hex,2012-03-09
DGS-1500-28P FW R2.00.015.hex,2012-10-18
DGS-1500-52_A1_2_50_008.hex,2014-03-05
DGS-1500-52_A1_A2_2_51_005.hex,2014-10-09
DGS-1500-52_A2_2_51_B021.hex,2017-09-22
DGS-1500-52_A2_2_51_B022.hex,2018-04-10
DGS-1500-52_REVA1_A2_FIRMWARE_2_51_B007.hex,2014-09-29
DGS-1500-52 FW R1.00.013.hex,2011-06-30
DGS-1500-52 FW R1.00.015.hex,2012-10-18
DGS-1500-52 FW R1.10.005.hex,2012-10-18
DGS-1500-52 FW R2.00.015.hex,2012-10-18
DGS-1510_Series_A1_FW_v1.00.031.had,2014-04-16
DGS-1510_Series_A1_FW_v1.10.005.had,2014-06-30
DGS-1510_Series_A1_FW_v1.20.011.had,2015-05-20
DGS-1510_Series_A1_FW_v1.30.007.had,2015-10-26
DGS-1510_Series_A1_FW_v1.00.031.had,2014-04-16
DGS-1510_Series_A1_FW_v1.10.005.had,2014-06-30
DGS-1510_Series_A1_FW_v1.20.011.had,2015-05-20
DGS-1510_Series_A1_FW_v1.30.007.had,2015-10-26
DGS-1510_Series_A1_FW_v1.00.031.had,2014-04-16
DGS-1510_Series_A1_FW_v1.10.005.had,2014-06-30
DGS-1510_Series_A1_FW_v1.20.011.had,2015-05-20
DGS-1510_208P_FIRMWARE_1_20_B013(0417145727).had,2015-08-19
DGS-1510_Series_A1_FW_v1.30.007.had,2015-10-26
DGS-1510_Series_A1_FW_v1.10.005.had,2014-07-24
DGS-1510_Series_A1_FW_v1.20.011.had,2015-05-20
DGS-1510_Series_A1_FW_v1.30.007.had,2015-10-26
DGS-1510-28XMP_FIRMWARE_1_20_B013(0417145727).had,2015-08-19
DGS-1510_Series_A1_FW_v1.10.005.had,2014-06-30
DGS-1510_Series_A1_FW_v1.20.011.had,2015-05-20
DGS-1510_Series_A1_FW_v1.30.007.had,2015-10-26
DGS-1510_Series_A1_FW_v1.00.031.had,2014-04-16
DGS-1510_Series_A1_FW_v1.10.005.had,2014-06-30
DGS-1510_Series_A1_FW_v1.20.011.had,2015-05-20
DGS-1510_Series_A1_FW_v1.30.007.had,2015-10-26
DGS-1510_Series_A1_FW_v1.10.005.had,2014-07-24
DGS-1510_Series_A1_FW_v1.20.011.had,2015-05-20
DGS-1510_Series_A1_FW_v1.30.007.had,2015-10-26
DGS-1510_Run_1_40_019.had,2017-09-12
DGS-1510_Run_1_50_021.had,2018-01-19
DGS-1510_Run_1_60_012.had,2018-11-05
DGS-1510_Run_1_60_B0018(0219185303).had,2019-03-13
DGS-1510_Run_1_60_B0014(1203093906).had,2019-01-08
DGS-1510_Run_1_60_B0018(0219185303).had,2019-03-13
DGS-1510_Run_1_60_B0021(0321102947).had,2019-04-19
DGS-1510_Run_1_60_B0022(0408104753).had,2019-04-29
DGS-1510_Run_1_60_B0025(0426152417).had,2019-07-19
DGS-1510_Run_1_60_B0030(0715112037).had,2019-08-20
DGS-1510_Run_1_60_B016(0130152606).had,2019-02-14
DGS-3000 A1 FW R1.01.005.had,2014-01-28
DGS-3000_Run_1_20_B002(1030165038).had,2017-11-01
DGS3000_Run_1_10_000.had,2017-07-18
DGS3000_Run_1_10_013.had,2017-07-18
DGS-3000_Run_2_05_B004(1011105627).had,2018-11-08
DGS-3000_Run_2_03_B005(1030165416).had,2017-11-01
DGS-3000_Run_3_00_006.had,2017-01-25
DGS-3000_Run_4_00_017.had,2018-06-26
DGS-3000_Run_4_00_B023.had,2018-10-12
DGS-3120 Ax FW R3.10.012.had,2014-02-26
DGS-3120 FW R2.00.010.had,2011-08-08
DGS-3120_Series_RevA_FW_300022.had,2013-06-20
DGS-3120_Series_RevB_FW_300522.had,2013-06-20
DGS-3120-24TC FW R1.00.028.had,2011-08-05
._DGS-3120 FW R2.50.015.had,2012-04-30
DGS-3120 FW R2.50.015.had,2012-04-26
DGS-3120 B1 FW R3.10.512.had,2014-02-26
DGS-3120 B1 FW R4.00.015.had,2014-09-09
DGS-3120_Series_RevB_FW_300522.had,2013-06-20
._DGS-3120 B1 FW R4.00.015.had,2014-09-09
DGS-3120 Ax FW R3.10.012.had,2014-02-26
DGS-3120 FW R2.00.010.had,2011-08-08
DGS-3120_Series_RevA_FW_300022.had,2013-06-20
DGS-3120_Series_RevB_FW_300522.had,2013-06-20
DGS-3120-24TC FW R1.00.028.had,2011-08-05
._DGS-3120 FW R2.50.015.had,2012-04-30
DGS-3120 FW R2.50.015.had,2012-04-26
DGS-3120 B1 FW R3.10.512.had,2014-02-26
DGS-3120 B1 FW R4.00.015.had,2014-09-09
DGS-3120_Series_RevB_FW_300522.had,2013-06-20
._DGS-3120 B1 FW R4.00.015.had,2014-09-09
DGS-3120 Ax FW R3.10.012.had,2014-02-26
DGS-3120 FW R2.00.010.had,2011-08-08
DGS-3120_Series_RevA_FW_300022.had,2013-06-20
DGS-3120_Series_RevB_FW_300522.had,2013-06-20
._DGS-3120 FW R2.50.015.had,2012-04-30
DGS-3120 FW R2.50.015.had,2012-04-26
DGS-3120 B1 FW R3.10.512.had,2014-02-26
DGS-3120 B1 FW R4.00.015.had,2014-09-09
DGS-3120_Series_RevB_FW_300522.had,2013-06-20
._DGS-3120 B1 FW R4.00.015.had,2014-09-09
DGS-3120 Ax FW R3.10.012.had,2014-02-26
DGS-3120 FW R2.00.010.had,2011-08-08
DGS-3120_Series_RevA_FW_300022.had,2013-06-20
DGS-3120-24TC FW R1.00.028.had,2011-08-05
._DGS-3120 FW R2.50.015.had,2012-04-30
DGS-3120 FW R2.50.015.had,2012-04-26
DGS-3120 B1 FW R3.10.512.had,2014-02-26
DGS-3120 B1 FW R4.00.015.had,2014-09-09
DGS-3120_Series_RevB_FW_300522.had,2013-06-20
._DGS-3120 B1 FW R4.00.015.had,2014-09-09
DGS3120AX_Run_3_00_B071(1204141129).had,2019-01-12
DGS3120AX_Run_3_10_B034(1016102448).had,2018-11-14
DGS3120BX_Run_4_24_B001(1016172700).had,2018-11-14
DGS-3200_series_FW_v1.50.B019.had,2009-10-12
dgs3200series_firmware_135b023.had,2009-06-11
DGS3200_Run_1_50_B052.had,2010-08-30
DGS3200_Run_2_00_016.had,2012-06-27
DGS-3200_series_FW_v1.50.B019.had,2009-10-12
DGS3200_Run_1_50_B052.had,2010-08-30
DGS3200_Run_2_00_016.had,2012-06-27
DGS3312S_3-50-B10.had,2005-12-28
dgs3324SR_firmware_110B21.bin,2004-10-21
pXprom_2.01-B01dl.had,2004-08-04
pXrun_4-30-B11.had,2006-05-08
pXrun_4.00-B13.had,2004-10-13
pXprom_2.01-B01dl.had,2004-08-04
pXrun_4-30-B11.had,2006-05-08
pXrun_4.00-B13.had,2004-10-13
dgs3224.had,2002-08-14
DGS-3420_Series_Ax_Run_v1.50.018.had,2013-08-22
DGS3420_Series_A1_Run_v1.00.024.had,2012-03-02
DGS-3420_Series_Ax_Run_v1.50.018.had,2013-08-22
DGS-3420_Series_Ax_Run_v1.50.018.had,2013-08-22
DGS3420_Series_A1_Run_v1.00.024.had,2012-03-02
DGS-3420_Series_Ax_Run_v1.50.018.had,2013-08-22
DGS-3420_Series_Ax_Run_v1.50.018.had,2013-08-22
DGS3420_Series_A1_Run_v1.00.024.had,2012-03-02
DGS-3420_Series_Ax_Run_v1.50.018.had,2013-08-22
DGS-3420_Series_Ax_Run_v1.50.018.had,2013-08-22
DGS3420_Series_A1_Run_v1.00.024.had,2012-03-02
DGS-3420_Series_Ax_Run_v1.50.018.had,2013-08-22
DGS-3420_Series_Ax_Run_v1.50.018.had,2013-08-23
DGS3420_Series_A1_Run_v1.00.024.had,2012-03-02
._DGS-3420_Series_Ax_Run_v1.50.018.had,2013-08-23
DGS-3420_Series_Ax_Run_v1.50.018.had,2013-08-22
DGS3420_Run_3_03_B002.had,2018-03-01
dgs3400_series_firmware_235b09.had,2008-09-06
DGS-3400 A1_v2.60.B26.had,2009-09-21
dgs3400series_fw_270b56.had,2011-03-30
dgs3400_series_firmware_235b09.had,2008-09-06
DGS-3400 A1_v2.60.B26.had,2009-09-21
dgs3400series_fw_270b56.had,2011-03-30
dgs3400_series_firmware_235b09.had,2008-09-06
DGS-3400 A1_v2.60.B26.had,2009-09-21
dgs3400series_fw_270b56.had,2011-03-30
dgs3400_series_firmware_235b09.had,2008-09-06
DGS-3400 A1_v2.60.B26.had,2009-09-21
dgs3400series_fw_270b56.had,2011-03-30
DGS-3600 FW R3.00B14.had,2014-06-17
dgs3600series_FW_250b51.had,2010-08-10
dgs3600series_FW_280b31.had,2010-08-24
"DGS-3600_series_A1,A2_run_FW_v2.50.B25.had",2009-01-22
._DGS-3600 FW R3.00B14.had,2014-06-17
DGS-3620 FW R2.60.016.had,2014-02-28
DGS-3620_Series_FW_v2.50.017.had,2013-11-11
DGS-3620_Series_FW_v1.00.040.had,2011-10-19
DGS-3620 FW R2.00.016.had,2012-01-16
DGS-3620 FW R2.60.016.had,2014-02-28
DGS-3620 FW R2.60.016.had,2014-02-28
DGS-3620_Series_FW_v2.50.017.had,2013-11-11
DGS-3620_Series_FW_v1.00.040.had,2011-10-19
DGS-3620 FW R2.00.016.had,2012-01-16
DGS-3620 FW R2.60.016.had,2014-02-28
DGS-3620 FW R2.60.016.had,2014-02-28
DGS-3620_Series_FW_v2.50.017.had,2013-11-11
DGS-3620_Series_FW_v1.00.040.had,2011-10-19
DGS-3620 FW R2.00.016.had,2012-01-16
DGS-3620 FW R2.60.016.had,2014-02-28
DGS-3620 FW R2.60.016.had,2014-02-28
DGS-3620_Series_FW_v2.50.017.had,2013-11-11
DGS-3620_Series_FW_v1.00.040.had,2011-10-19
DGS-3620 FW R2.00.016.had,2012-01-16
DGS-3620 FW R2.60.016.had,2014-02-28
DGS-3620 FW R2.60.016.had,2014-02-28
DGS-3620_Series_FW_v2.50.017.had,2013-11-11
DGS-3620_Series_FW_v1.00.040.had,2011-10-19
DGS-3620 FW R2.00.016.had,2012-01-16
DGS-3620 FW R2.60.016.had,2014-02-28
DGS3620_Run_3_00_004.had,2017-10-20
DGS3620_Run_3_00_B013(0322152043).had,2019-04-29
DGS3620_FW_Run_2_60_B042_BETA_(0701101635).had,2015-07-01
"DGS-3600_series_A1,A2_run_FW_v2.50.B25.had",2009-01-22
dgs3600series_FW_250b51.had,2010-08-10
dgs3600series_FW_280b31.had,2010-08-24
DGS-3600 FW R3.00B14.had,2014-06-17
._DGS-3600 FW R3.00B14.had,2014-06-17
DGS-3600 FW R3.00B14.had,2014-06-17
dgs3600series_FW_250b51.had,2010-08-10
dgs3600series_FW_280b31.had,2010-08-24
"DGS-3600_series_A1,A2_run_FW_v2.50.B25.had",2009-01-22
._DGS-3600 FW R3.00B14.had,2014-06-17
DGS-3630_A1_FW_v1.00.032.had,2016-09-08
DGS-3630_Run_2_00_017.had,2017-09-22
DGS-3630_Run_2_00_020.had,2017-10-31
DGS-3630_Run_2_10_B019(0930111148).had,2018-11-08
DGS3630_Run_2_10_013.had,2018-06-27
DGS3630_Run_2_10_B022(1206102824).had,2019-01-08
DGS3630_Run_2_20_B008.had,2018-11-05
DGS3630_Run_2_20_B010(1213174042).had,2019-01-14
DGS3630_Run_2_21_B008(0131164835).had,2019-03-20
DGS3630_Run_2_23_B005(0802100755).had,2019-08-22
DGS-3600 FW R3.00B14.had,2014-06-17
dgs3600series_FW_250b51.had,2010-08-10
dgs3600series_FW_280b31.had,2010-08-24
"DGS-3600_series_A1,A2_run_FW_v2.50.B25.had",2009-01-22
._DGS-3600 FW R3.00B14.had,2014-06-17
DGS-6600 FW R4.00.056.had,2013-10-18
DGS-6600_Series_A1_FW_runtime_v2.00.022 (1).had,2011-10-21
DGS-6600 FW R1.00.036.had,2013-11-08
DGS-6600 FW R2.10.011.had,2013-11-08
DGS-6600 FW R3.00.080.had,2013-11-08
._DGS-6600 FW R4.00.056.had,2013-10-18
DGS-6600 FW R4.00.056.had,2013-10-18
DGS-6600_Series_A1_FW_runtime_v2.00.022 (1).had,2011-10-21
DGS-6600 FW R1.00.036.had,2013-11-08
DGS-6600 FW R2.10.011.had,2013-11-08
DGS-6600 FW R3.00.080.had,2013-11-08
._DGS-6600 FW R4.00.056.had,2013-10-18
DGS-6600 FW R4.00.056.had,2013-10-18
DGS-6600_Series_A1_FW_runtime_v2.00.022 (1).had,2011-10-21
DGS-6600 FW R1.00.036.had,2013-11-08
DGS-6600 FW R2.10.011.had,2013-11-08
DGS-6600 FW R3.00.080.had,2013-11-08
._DGS-6600 FW R4.00.056.had,2013-10-18
DGS-6600 FW R1.00.036.had,2013-11-08
DGS-6600 FW R2.00.022.had,2013-11-08
DGS-6600 FW R2.10.011.had,2013-11-08
DGS-6600 FW R3.00.080.had,2013-11-08
DGS-6600 FW R4.00.056.had,2013-10-18
._DGS-6600 FW R4.00.056.had,2013-10-18
DGS-6600 FW R1.00.036.had,2013-11-08
DGS-6600 FW R2.00.022.had,2013-11-08
DGS-6600 FW R2.10.011.had,2013-11-08
DGS-6600 FW R3.00.080.had,2013-11-08
DGS-6600 FW R4.00.056.had,2013-10-18
._DGS-6600 FW R4.00.056.had,2013-10-18
DGS-6600 FW R1.00.036.had,2013-11-08
DGS-6600 FW R2.00.022.had,2013-11-08
DGS-6600 FW R2.10.011.had,2013-11-08
DGS-6600 FW R3.00.080.had,2013-11-08
DGS-6600 FW R4.00.056.had,2013-10-18
._DGS-6600 FW R4.00.056.had,2013-10-18
