TL-SL2428v1.bin,2013-12-23
TL-SG6428Qv1.bin,2016-01-26
TL-SG2016 V1.0_1.0.1_Build_20190111_Rel.51664.bin,2019-01-11
TL-SG5412Fv1.bin,2014-04-30
TL-SG5428v1.bin,2016-04-21
TL-SL2218Pv1.bin,2015-01-29
TL-S2-1KM摄像头端&TL-S2-1KM录像机端_V2.0_2.0.2_Build_20181113_Rel.82890n.bin,2018-11-13
TL-SL3428v4.bin,2014-04-30
TL-SG5428v2.bin,2016-12-09
TL-SG5428v1.bin,2015-03-26
TL-SG5210v1.bin,2017-09-29
TL-SG2218 V1.0_1.0.1_Build_20190111_Rel.52145.bin,2019-01-11
TL-SG3218_V1.0_1.1.0_Build_20181228_Rel.86758.bin,2018-12-28
TL-SG3218_V1.0_1.0.0_Build_20180308_Rel.57762_╣¤╢╔░ц.bin,2018-03-08
TL-SG5218v1.bin,2017-09-27
TL-SG5428v2.bin,2017-09-26
TL-SL5210v1.bin,2017-10-09
TL-SG6428Qv1.bin,2016-09-27
TL-SG3226v1.bin,2015-12-23
TL-SG2024MP V1.0_1.0.1_Build_20190112_Rel.41839.bin,2019-01-12
TL-S2-1KM V1.0.bin,2018-02-07
TL-SG3216v1.bin,2015-01-22
TL-SG2016D_V1.0_1.0.1_Build_20190111_Rel.51364.bin,2019-01-11
TL-SG3226Pv1.bin,2017-09-26
TL-SG2452v1.bin,2015-12-01
TL-SL5452-Combov1.bin,2017-05-08
TL-SG3210升级软件(20130507).bin,2020-03-30
TL-S5-15km V1.0.bin,2017-09-26
TL-SG5820Fv1.bin,2017-07-06
TL-S5-5KM摄像头端&TL-S5-5KM录像机端_V2.0_2.0.1_Build_20181114_Rel.31399n.bin,2018-11-14
TL-SG3210v2.bin,2015-07-14
TL-SL5218-Combov1.bin,2017-09-28
TL-SG5452v1.bin,2017-09-29
TL-SIPC586HP-D4_V1.0_1.0.9_Build_20190612_Rel.58145.bin,2019-06-12
TL-SG3216v1.bin,2015-07-13
TL-SL5452-Combov1.bin,2017-09-29
TL-SG5412Fv1.bin,2015-03-03
TL-SG3226PEv1.bin,2017-09-26
TL-SG5428v2.bin,2016-10-10
TL-SG5210v1.bin,2017-07-12
TL-SL3210PEv1.bin,2017-09-26
TL-SG2024 V1.0_1.0.1_Build_20190111_Rel.51582.bin,2019-01-11
TL-SG2452 V1.bin,2014-08-28
TL-SL5428v2.bin,2015-06-25
TL-SG2226 V1.0_1.0.1_Build_20190112_Rel.42058.bin,2019-01-12
TL-SG2024D_V1.0_1.0.1_Build_20190111_Rel.51499.bin,2019-01-11
TL-SG5452v1.bin,2017-07-06
TL-SG5428v2.bin,2017-07-04
TL-SG3210v2.bin,2015-06-02
TL-SG5428v1.bin,2014-02-21
TL-SG3226v1.bin,2016-02-02
TL-SG3218PE_V2.0_1.1.0_Build_20190116_Rel.86966.bin,2019-01-16
TL-SL3109_V1.0_1.0.0_Build_20181116_Rel.32900.bin,2018-11-16
TL-SL3109_V1.0_1.1.0_Build_20190214_Rel.87217.bin,2019-02-14
TL-SG5428v1.bin,2014-11-25
TL-SG3424Pv2.bin,2015-07-15
TL-SG3424v1.bin,2015-07-13
TL-SL5428v1.bin,2014-11-13
TL-SG3226Pv1.bin,2017-02-23
TL-SL5428-Combov1.bin,2017-10-09
TL-SL5428v1.bin,2015-01-06
TL-SG3424v1.bin,2015-01-22
TL-SL5428v2.bin,2016-04-05
TL-SG5820Fv1.bin,2017-09-27
TL-SG5218v1.bin,2017-04-18
