T2600G-28TSv4_en_4.0.0_[20181010-rel45384]_up.bin,2018-10-10
TL-SL2218v1_en_1.0.2_[20150413-rel63343]_up.bin,2015-04-13
TL-SG3216v2_en_1.0.0_[20140630-rel33944]_up.bin,2014-06-30
TL-SL5428Ev3_en_1.1.1_[20150616-rel56586]_up.bin,2015-06-16
TL-SL2428v1_en_1.0.2_[20150414-rel32084]_up.bin,2015-04-14
TL-SL3428v3_en_1.0.3_[20140430-rel40858]_up.bin,2014-04-30
TL-SG1016DEv3_en_1.0.1_[20180416-rel55822]_up.bin,2018-04-16
T2600G-18TSv2_en_2.0.3_[20190516-rel33426]_up.bin,2019-05-16
TL-SG116Ev1_en_1.0.0_[20180518-rel59399]_up.bin,2018-05-18
T1500G-10PSv2_en_2.0.3_[20190509-rel36379]_up.bin,2019-05-09
TL-SG2424Pv1_en_1.0.9_[20150827-rel37324]_up.bin,2015-08-27
TL-SL3428_en_3.0_1.0.2_up(20130925).bin,2013-09-25
TL-SG3216v2_en_1.0.2_[20150714-rel61832]_up.bin,2015-07-14
T1500-28PCTv3_en_3.0.0_[20180530-rel45800]_up.bin,2018-05-30
TL-SG2216v2_en_1.0.1_[20150114-rel56394]_up.bin,2015-01-14
T1600G-18TSv2_en_2.0.0_[20190408-rel31884]_up.bin,2019-04-08
TL-SL3452v2_en_1.0.2_[20170216-rel39432]_up.bin,2017-02-16
sysSG2224WEB-up.bin,2008-04-09
TL-SG108PEv2_en_1.0.0_[20180326-rel61189]_up.bin,2018-03-26
TL-SG108PEv2_en_1.0.0_[20180122-rel33333]_up.bin,2018-01-22
TL-SG3424v2_en_1.0.1_[20150205-rel69821]_up.bin,2015-02-05
sysSL2428WEB.bin,2007-03-19
TL-SG2452_en_1.0_1.0.1_up(20131205).bin,2013-12-05
TL-SL3428 3.0_UN_0_8_3_up(20120314).bin,2012-03-09
TL-SG2216_en_2.0_1.0.2_[20150602-rel38667]_up.bin,2015-06-02
TL-SG5412F_en_1.0_1.0.3_up(20130924).bin,2013-09-24
TL-SG105Ev4_en_1.0.0_[20171228-rel72769]_up.bin,2017-12-28
TL-SG1024DEv3_en_1.0.1_[20170530-rel39402]_up.bin,2017-05-30
TL-SG5428v1_en_1.0.4_[20150129-rel58725]_up.bin,2015-01-29
T2600G-52TSv3_en_3.0.0_[20180202-rel30718]_up.bin,2018-02-02
T1600G-28TSv3_en_3.0.0_[20180130-rel33015]_up.bin,2018-01-30
TL-SG5426_V1.0.0.12.bix,2009-03-03
T1600G-52PSv4_en_4.0.0_[20180716-rel51032]_up.bin,2018-07-16
TL-SG1016PEv1_en_1.0.1_[20180629-rel58109]_up.bin,2018-06-29
T1500G-8Tv2_en_2.0.3_[20190509-rel37800]_up.bin,2019-05-09
TL-SG108Ev4_en_1.0.0_[20181120-rel40749]_up.bin,2018-11-20
T2500G-10TSv2_en_2.0.0_[20181022-rel38882]_up.bin,2018-10-22
TL-SG108Ev4_en_1.0.0_[20180306-rel72802]_up.bin,2018-03-06
T2600G-52TSv3_en_3.0.3_[20181101-rel54949]_up.bin,2018-11-01
TL-SG1024DEv3_en_1.0.1_[20180416-rel56818]_up.bin,2018-04-16
TL-SG2008v1_en_1.0.3_[20150624-rel57993]_up.bin,2015-06-24
TL-SL2428v1_en_1.0.1_[20131223-rel34704]_up.bin,2013-12-23
TL-SG2210Pv1_en_1.0.5_[20160912-rel32686]_up.bin,2016-09-12
TL-SG2452v1_en_1.0.4_[20151127-rel67331]_up.bin,2015-11-27
TL-SG3210v2_en_1.9.10_[20150602-rel38667]_up.bin,2015-06-02
TL-SG2210Pv1_en_1.0.3_[20160118-rel69683]_up.bin,2016-01-18
TL-SG5412Fv1_en_1.0.5_[20150130-rel38923]_up.bin,2015-01-30
T1700X-16TSv3_en_3.0.0_[20180524-rel56928]_up.bin,2018-05-24
sysSG2216WEB-up.bin,2008-04-08
TL-SG1016DEv3_en_1.0.1_[20180629-rel58355]_up.bin,2018-06-29
sysSL2218WEB.bin,2007-03-09
T1500-28PCTv3_en_3.0.3_[20190424-rel34677]_up.bin,2019-04-24
TL-SG2424Pv1_en_1.0.7_[20141219-rel33340]_up.bin,2014-12-19
TL-SG3424v2_en_1.0.2_[20150602-rel38667]_up.bin,2015-06-02
TL-SG108Ev4_en_1.0.0_[20171228-rel72984]_up.bin,2017-12-28
T1600G-52TSv4_en_4.0.0_[20180716-rel50041]_up.bin,2018-07-16
TL-SG1024DEv3_en_1.0.1_[20180629-rel58591]_up.bin,2018-06-29
TL-SG5428v1_en_1.0.3_[20140430-rel40858]_up.bin,2014-04-30
TL-SG2210Pv1_en_1.0.3_[20160218-rel62575]_up.bin,2016-02-18
T2600G-28SQv1_en_1.0.0_[20180719-rel51789]_up.bin,2018-07-19
TL-SG3216v2_en_1.0.1_[20150602-rel38667]_up.bin,2015-06-02
TL-SG3424Pv2_en_1.0.7_[20141219-rel33340]_up.bin,2014-12-19
TL-SG105Ev4_en_1.0.0_[20181120-rel40476]_up.bin,2018-11-20
TL-SG1218MPEv1_en_1.0.0_[20190624-rel60493]_up.bin,2019-06-24
T1500G-10MPSv2_en_2.0.0_[20180530-rel44733]_up.bin,2018-05-30
TL-SL2452v1_en_1.0.0_[20140114-rel37216]_up.bin,2014-01-14
T3700G-Series_en_3.0.0_[20181116-rel64846]_up.bin,2018-11-16
TL-SG2424v2_en_1.0.1_[20150602-rel38667]_up.bin,2015-06-02
TL-SG3210v2_en_1.9.9_[20141218-rel61735]_up.bin,2014-12-18
T1600G-28PSv3_en_3.0.0_[20180116-rel63705]_up.bin,2018-01-16
TL-SL2210v1_en_1.0.1_[20151013-rel40174]_up.bin,2015-10-13
TL-SL2218v1_en_1.0.1_[20131216-rel54383]_up.bin,2013-12-16
TL-SG105Ev4_en_1.0.0_[20180306-rel72616]_up.bin,2018-03-06
T1500-28PCTv3_en_3.0.0_[20180511-rel36491]_up.bin,2018-11-07
TL-SG1016PEv1_en_1.0.1_[20180416-rel56724]_up.bin,2018-04-16
TL-SG2424v2_en_1.0.0_[20140626-rel37975]_up.bin,2014-06-26
T1500G-10MPSv2_en_2.0.3_[20190424-rel38076]_up.bin,2019-04-24
T1600G-18TSv2_en_2.0.0_[20180622-rel63148]_up.bin,2018-06-22
sysSL2452WEB.bin,2007-03-19
TL-SG2452v1_en_1.0.2_[20140723-rel37273]_up.bin,2014-07-23
TL-SL3452_en_2.0_1.0.1_up(20131203).bin,2013-12-03
T2600G-18TSv2_en_2.0.0_[20180710-rel64648]_up.bin,2018-07-10
TL-SG3424Pv2_en_1.0.9_[20150715-rel33297]_up.bin,2015-07-15
TL-SG3424Pv2_en_1.0.6_[201400702-rel38472]_up.bin,2014-07-02
TL-SG5412Fv1_en_1.0.4_[20140430-rel40858]_up.bin,2014-04-30
TL-SG108PEv2_en_1.0.0_[20181120-rel40990]_up.bin,2018-11-20
T3700G-52TQv1_en_1.0.1_[20170607-rel60103]_up.bin,2017-06-07
TL-SG2424Pv1_en_1.0.6_[20140702-rel38472]_up.bin,2014-07-02
sysSG2109WEB.bin,2007-03-09
T2600G-28MPSv4_en_4.0.0_[20181116-rel35296]_up.bin,2018-11-16
T3700G-28TQv3_en_3.0.0_[20181030-rel39715]_up.bin,2018-10-30
TL-SL2452v1_en_1.0.1_[20160119-rel72277]_up.bin,2016-01-19
TL-SG116Ev1_en_1.0.0_[20180523-rel52122]_up.bin,2018-05-23
TL-SG1016DEv3_en_1.0.1_[20170530-rel39380]_up.bin,2017-05-30
TL-SG5428_en_1.0_1.0.2_up(20130716).bin,2013-07-16
T1700G-28TQv3_en_3.0.0_[20190108-rel62365]_up.bin,2019-01-08
T2500-28TCv2_en_2.0.0_[20161012-rel61366]_up.bin,2016-10-12
T1600G-28TSv3_en_3.0.3_[20190516-rel35040]_up.bin,2019-05-16
T2500G-10MPSv1_en_1.0.0_[20170504-rel57495]_up.bin,2017-05-04
TL-SL5428Ev3_en_1.0.3_[20150106-rel43036]_up.bin,2015-01-06
T2700G-28TQv2_en_2.0.0_[20161103-rel60135]_up.bin,2016-11-03
TL-SG1016PEv1_en_1.0.1_[20190118-rel32996]_up.bin,2019-01-18
T1600G-52PSv4_en_4.0.3_[20190516-rel38446]_up.bin,2019-05-16
T1600G-18TSv2_en_2.0.3_[20190516-rel40160]_up.bin,2019-05-16
T1600G-28PSv3_en_3.0.3_[20190430-rel43300]_up.bin,2019-04-30
TL-SG2424v2_en_1.0.2_[20150714-rel61832]_up.bin,2015-07-15
TL-SG2216v2_en_1.0.3_[20150714-rel61832]_up.bin,2015-07-15
TL-SG3210v2_en_1.9.11_[20150714-rel61832]_up.bin,2015-07-15
T1700X-16TSv3_en_3.0.1_[20190531-rel31521]_up.bin,2019-05-31
TL-SG2008v1_en_1.0.1_[20150203-rel51147]_up.bin,2015-02-03
T2600G-28TSv4_en_4.0.0_[20190530-rel52928]_up.bin,2019-05-30
T1500G-10PS_v2_180330.bin,2018-03-30
T2600G-28SQv1_en_1.0.0_[20190530-rel71699]_up.bin,2019-05-30
T1500-28TCv1_en_1.0.0_[20170321-rel57084]_up.bin,2017-03-21
TL-SL5428Ev3_en_1.1.2_[20160328-rel56010]_up.bin,2016-03-28
T2500G-10TSv2_en_2.0.0_[20190531-rel33488]_up.bin,2019-05-31
TL-SG3424v2_en_1.0.3_[20150714-rel61832]_up.bin,2015-07-15
TL-SL2210_en_1.0_1.0.0_up(20131008).bin,2013-10-08
T1500G-8T_v2_180416.bin,2018-04-16
TL-SG2008v1_en_1.0.0_[20140626-rel38150]_up.bin,2014-06-26
T1600G-52TSv4_en_4.0.3_[20190516-rel36559]_up.bin,2019-05-16
