TEG-40128-1-00-014-ALL.hex,2017-10-12
TL2-G244-2-01-04-ALL.hex,2015-12-03
TL2-E284-1-00-011.hex,2011-01-05
TEG-284WS-1-10-026-ALL.hex,2018-08-08
TEG-082WS-1.00.09-ALL.hex,2014-08-08
TEG-424WS_A1_1_02_03_FW.hex,2012-03-26
TEG-30284-1-00-016-ALL.hex,2017-10-31
TEG-082WS-1.00.12-ALL.hex,2016-12-19
TPE-224WS-4-00-019-FW.hex,2016-03-29
TPE-2840WS-1.00.09-ALL.hex,2016-12-19
TPE-1620WS-1.00.13-ALL.hex,2013-10-29
TEG-2248WS-4-00-020-FW.hex,2017-01-13
TPE-4840WS-1.00.07-FW.hex,2015-09-22
TPE-082WS-1-00-010-ALL.hex,2017-05-24
TEG-204WS-1-10-026-ALL.hex,2018-08-08
TPE-5240WS-1-00-010-ALL.hex,2017-06-02
TRENDNET-2-10-010-FW.hex,2018-08-23
TEG-160WS-1.00.15-ALL.hex,2016-12-19
TEG-524WS-1-10-026-ALL.hex,2018-08-08
TPE-1620WS-1.00.19-ALL.hex,2016-12-19
TPE-1020WS-1.00.26-ALL.hex,2018-05-16
TL2-G244-1-00-006.hex,2010-09-08
TEG-S50(80)ES-1-01-012.bin,2018-06-19
TEG-160WS-1.00.16-ALL.hex,2017-10-30
TPE-4840WS-1.00.06-ALL.hex,2015-08-05
TEG-30284-1-00-014-ALL.hex,2017-01-06
TEG-2248WS-4-00-007-FW.hex,2014-05-16
TEG-240WS-1.00.08-ALL.hex,2013-10-29
TPE-224WS-B1_1_02_02_FW.hex,2012-03-30
TPE-5028WS-1-00-010-ALL.hex,2017-06-02
TL2-G244-2-02-04-ALL.hex,2017-01-19
TL2-G244-1-00-007.hex,2011-01-05
TEG-082WS-1.00.14-ALL.hex,2018-08-13
TEG-2248WS_B1_3_02_03_FW.hex,2012-03-29
TEG-424WS_A1_1_02_01_FW.hex,2010-02-11
TPE-1020WS-1.00.25-ALL.hex,2017-10-24
TPE-1020WS-1.00.13-ALL.hex,2013-10-29
TEG-240WS-1.00.16-FW.hex,2015-08-14
TPE-1020WS-1.00.19-ALL.hex,2014-08-08
TPE-1020WS-1.00.29-ALL.hex,2018-07-13
TPE-2840WS-1.00.07-ALL.hex,2015-08-04
TEG-40128-1-00-015-ALL.hex,2017-10-31
TEG-40128-1-00-010-ALL.hex,2016-03-22
TPE-224WS-4-00-011-FW.hex,2014-08-15
TPE-1620WS-1.00.16-ALL.hex,2014-08-08
TPE-1620WS-1-00-010-ALL.hex,2017-06-12
TPE-224WS-B1_1_02_01_FW.hex,2010-02-10
TPE-1620WS-1.00.17-ALL.hex,2015-08-03
TEG-448WS-1.00.17-ALL.hex,2017-10-31
TEG-284WS-1-00-010-ALL.hex,2017-06-05
TEG-424WS-4-00-012-FW.hex,2014-08-15
TPE-4840WS-1.00.10-ALL.hex,2018-08-13
TPE-1620WS-1.00.11-FW.hex,2013-10-07
TPE-TG82ES-1-01-012.bin,2018-06-19
TL2-G244-2-01-05-ALL.hex,2016-01-28
TPE-1020WS-1.00.10-ALL.hex,2013-06-11
TPE-2840WS-1-00-010-ALL.hex,2017-06-15
TL2-G448-1-00-05-ALL.hex,2016-04-06
TEG-240WS-1.00.17-ALL.hex,2016-12-19
TPE-4840WS-1.00.08-ALL.hex,2016-12-20
TPE-1620WS-1.00.20-ALL.hex,2017-10-27
TPE-1620WS-1.00.18-ALL.hex,2015-09-23
TL2-PG284-1-00-03-ALL.hex,2016-07-06
TPE-4840WS-1.00.05-ALL.hex,2014-11-19
TEG-082WS-1-00-010-ALL.hex,2017-06-06
TEG-S50(80)ES-1-01-013.bin,2018-12-12
TPE-082WS-1-00-011-ALL.hex,2017-10-13
TPE-5240WS-1-00-011-ALL.hex,2018-04-09
TEG-082WS-1.00.11-FW.hex,2015-08-14
TPE-5048WS-1-00-010-ALL.hex,2017-06-02
TPE-2840WS-1-10-026-ALL.hex,2018-08-08
TEG-448WS-1.00.15-FW.hex,2015-08-14
TEG-30284-1-00-013-ALL.hex,2016-12-16
TEG-448WS-1.00.18-ALL.hex,2018-08-13
TEG-240WS-1.00.19-ALL.hex,2018-08-13
TEG-240WS-1.00.13-ALL.hex,2014-08-11
TEG-40128-1-00-021-ALL.hex,2018-06-05
TEG-082WS-1-10-026-ALL.hex,2018-08-08
TPE-2840WS-1.00.10-ALL.hex,2017-10-25
TEG-30284-1-00-010-ALL.hex,2016-03-21
TL2-E284-1-00-010.hex,2010-09-08
TEG-082WS-1.00.13-ALL.hex,2017-10-27
TPE-224WS-4-00-010-FW.hex,2014-05-14
TPE-1020WS-1.00.28-FW.hex,2018-06-20
TPE-224WS-4-00-015-FW.hex,2015-08-14
TEG-448WS-1.00.09-ALL.hex,2013-10-29
TPE-1020WS-1.00.11-FW.hex,2013-10-07
TPE-1620WS-1.00.21-ALL.hex,2018-08-13
TPE-P521ES-1-01-012.bin,2018-06-19
TEG-160WS-1.00.17-ALL.hex,2018-08-13
TPE-4840WS-1.00.09-ALL.hex,2017-10-25
TEG-2248WS_B1_3_02_01_FW.hex,2010-02-11
TEG-424WS-4-00-020-FW.hex,2017-01-09
TL2-PG284-1-01-08-ALL.hex,2017-01-18
TPE-1020WS-1.00.23-FW.hex,2015-09-21
TEG-448WS-1.00.14-ALL.hex,2014-08-11
TEG-424WS-4-00-015-FW.hex,2015-08-14
TEG-30284-1-00-015-ALL.hex,2017-10-12
TEG-160WS-1.00.08-ALL.hex,2013-10-29
TEG-160WS_C2_3_02_01.hex,2012-03-20
TEG-S2620is_V100k301.bin,2010-12-03
TEG-40128-1-00-013-ALL.hex,2016-12-16
TEG-160WS-1.00.13-ALL.hex,2014-08-08
TEG-448WS-1.00.16-ALL.hex,2016-12-20
TL2-G448-1-01-04-ALL.hex,2017-01-19
TEG-524WS-1-00-010-ALL.hex,2017-06-02
TPE-224WS-B1_1_02_03_FW.hex,2013-07-04
TPE-2840WS-1.00.04-ALL.hex,2014-10-30
TPE-224WS-4-00-020-FW.hex,2017-01-13
TEG-30284-1-00-022-ALL.hex,2018-06-05
TPE-1020WS-1.00.21-FW.hex,2015-07-21
TEG-160WS-1.00.14-FW.hex,2015-08-14
TEG-448WS_B2_3_02_01.hex,2012-03-21
TPE-1620WS-1.00.10-ALL.hex,2013-06-11
TPE-P521ES-1-01-013.bin,2018-12-11
TEG-424WS-4-00-011-FW.hex,2014-07-21
TEG-240WS-1.00.18-ALL.hex,2017-10-30
TEG-40128-1-00-023-FW.hex,2018-06-25
TL2-G244-2-00-04-ALL.hex,2015-05-26
TEG-2248WS-4-00-011-FW.hex,2014-07-18
TEG-204WS-1-00-010-ALL.hex,2017-06-06
TEG-30284-1-00-024-FW.hex,2018-06-25
TPE-1020WS-1.00.24-ALL.hex,2016-12-19
TPE-TG82ES-1-01-013.bin,2018-12-12
TRENDNET_TPE-TG44ES_1.00.38.bin,2017-07-25
TEG-240WS_C2_3_02_03.hex,2011-10-25
TEG448ws30103FWN.hex,2009-04-03
FWN.hex,2009-10-02
TEG160ws30104FWN.hex,2009-04-03
TEG240ws30104FWN.hex,2009-04-03
TEG2248ws30101FWN.hex,2009-04-03
TEG-2248WS_B1_3_02_00_FW.hex,2009-09-18
TEG424ws10101FWN.hex,2009-04-03
TEG-240WS_C1_3_02_00.hex,2009-09-16
TEG224ws10103FWN.hex,2009-04-03
TEG-448WS_B1_3_02_00.hex,2009-09-21
TEG-160WS_C1_3_02_00.hex,2009-09-21
