TEG-082WS-1-00-010-ALL.HEX,lua,5.1,cve-2014-5461,openssl,0.9.8r,cve-2017-3735|cve-2014-3566|cve-2014-3510|cve-2014-3508|cve-2014-3507|cve-2014-3506|cve-2014-3505|cve-2014-3470|cve-2014-0221|cve-2014-0195|cve-2014-0076|cve-2013-0169|cve-2013-0166|cve-2012-2333|cve-2012-2110|cve-2012-1165|cve-2006-7250|cve-2012-0884|cve-2012-0027|cve-2011-4619|cve-2011-4577|cve-2011-4576|cve-2011-4109|cve-2011-4108|cve-2011-3210|cve-2011-1473|cve-2011-5094|cve-2010-5298|cve-2006-7250
TEG-082WS-1-10-026-ALL.HEX,lua,5.1,cve-2014-5461,openssl,0.9.8r,cve-2017-3735|cve-2014-3566|cve-2014-3510|cve-2014-3508|cve-2014-3507|cve-2014-3506|cve-2014-3505|cve-2014-3470|cve-2014-0221|cve-2014-0195|cve-2014-0076|cve-2013-0169|cve-2013-0166|cve-2012-2333|cve-2012-2110|cve-2012-1165|cve-2006-7250|cve-2012-0884|cve-2012-0027|cve-2011-4619|cve-2011-4577|cve-2011-4576|cve-2011-4109|cve-2011-4108|cve-2011-3210|cve-2011-1473|cve-2011-5094|cve-2010-5298|cve-2006-7250
TEG-082WS-1.00.09-ALL.HEX,glibc,2.8,cve-2016-1234|cve-2013-7423|cve-2013-1914|cve-2011-1659|cve-2011-1071|cve-2011-1658|cve-2010-3847|cve-2011-0536|cve-2011-1095|cve-2011-1089|cve-2010-0296|cve-2011-1071|cve-2010-2898|cve-2010-1917|cve-2007-4782|cve-2010-3856|cve-2010-3847|cve-2010-0830|cve-2010-0296|cve-2009-4881|cve-2008-1391|cve-2009-4880|cve-2008-1391,lua,5.1,cve-2014-5461,openssl,0.9.8h,
TEG-082WS-1.00.11-FW.HEX,glibc,2.8,cve-2016-1234|cve-2013-7423|cve-2013-1914|cve-2011-1659|cve-2011-1071|cve-2011-1658|cve-2010-3847|cve-2011-0536|cve-2011-1095|cve-2011-1089|cve-2010-0296|cve-2011-1071|cve-2010-2898|cve-2010-1917|cve-2007-4782|cve-2010-3856|cve-2010-3847|cve-2010-0830|cve-2010-0296|cve-2009-4881|cve-2008-1391|cve-2009-4880|cve-2008-1391,lua,5.1,cve-2014-5461,openssl,0.9.8h,
TEG-082WS-1.00.12-ALL.HEX,glibc,2.8,cve-2016-1234|cve-2013-7423|cve-2013-1914|cve-2011-1659|cve-2011-1071|cve-2011-1658|cve-2010-3847|cve-2011-0536|cve-2011-1095|cve-2011-1089|cve-2010-0296|cve-2011-1071|cve-2010-2898|cve-2010-1917|cve-2007-4782|cve-2010-3856|cve-2010-3847|cve-2010-0830|cve-2010-0296|cve-2009-4881|cve-2008-1391|cve-2009-4880|cve-2008-1391,lua,5.1,cve-2014-5461,openssl,0.9.8h,
TEG-082WS-1.00.13-ALL.HEX,glibc,2.8,cve-2016-1234|cve-2013-7423|cve-2013-1914|cve-2011-1659|cve-2011-1071|cve-2011-1658|cve-2010-3847|cve-2011-0536|cve-2011-1095|cve-2011-1089|cve-2010-0296|cve-2011-1071|cve-2010-2898|cve-2010-1917|cve-2007-4782|cve-2010-3856|cve-2010-3847|cve-2010-0830|cve-2010-0296|cve-2009-4881|cve-2008-1391|cve-2009-4880|cve-2008-1391,lua,5.1,cve-2014-5461,openssl,0.9.8h,
TEG-082WS-1.00.14-ALL.HEX,glibc,2.8,cve-2016-1234|cve-2013-7423|cve-2013-1914|cve-2011-1659|cve-2011-1071|cve-2011-1658|cve-2010-3847|cve-2011-0536|cve-2011-1095|cve-2011-1089|cve-2010-0296|cve-2011-1071|cve-2010-2898|cve-2010-1917|cve-2007-4782|cve-2010-3856|cve-2010-3847|cve-2010-0830|cve-2010-0296|cve-2009-4881|cve-2008-1391|cve-2009-4880|cve-2008-1391,lua,5.1,cve-2014-5461,openssl,0.9.8h,
TEG-160WS-1.00.08-ALL.HEX-0,glibc,2.8,cve-2016-1234|cve-2013-7423|cve-2013-1914|cve-2011-1659|cve-2011-1071|cve-2011-1658|cve-2010-3847|cve-2011-0536|cve-2011-1095|cve-2011-1089|cve-2010-0296|cve-2011-1071|cve-2010-2898|cve-2010-1917|cve-2007-4782|cve-2010-3856|cve-2010-3847|cve-2010-0830|cve-2010-0296|cve-2009-4881|cve-2008-1391|cve-2009-4880|cve-2008-1391,lua,5.1,cve-2014-5461,openssl,0.9.8h,
TEG-160WS-1.00.08-ALL.HEX,glibc,2.8,cve-2016-1234|cve-2013-7423|cve-2013-1914|cve-2011-1659|cve-2011-1071|cve-2011-1658|cve-2010-3847|cve-2011-0536|cve-2011-1095|cve-2011-1089|cve-2010-0296|cve-2011-1071|cve-2010-2898|cve-2010-1917|cve-2007-4782|cve-2010-3856|cve-2010-3847|cve-2010-0830|cve-2010-0296|cve-2009-4881|cve-2008-1391|cve-2009-4880|cve-2008-1391,lua,5.1,cve-2014-5461,openssl,0.9.8h,
TEG-160WS-1.00.13-ALL.HEX,glibc,2.8,cve-2016-1234|cve-2013-7423|cve-2013-1914|cve-2011-1659|cve-2011-1071|cve-2011-1658|cve-2010-3847|cve-2011-0536|cve-2011-1095|cve-2011-1089|cve-2010-0296|cve-2011-1071|cve-2010-2898|cve-2010-1917|cve-2007-4782|cve-2010-3856|cve-2010-3847|cve-2010-0830|cve-2010-0296|cve-2009-4881|cve-2008-1391|cve-2009-4880|cve-2008-1391,lua,5.1,cve-2014-5461,openssl,0.9.8h,
TEG-160WS-1.00.14-FW.HEX,glibc,2.8,cve-2016-1234|cve-2013-7423|cve-2013-1914|cve-2011-1659|cve-2011-1071|cve-2011-1658|cve-2010-3847|cve-2011-0536|cve-2011-1095|cve-2011-1089|cve-2010-0296|cve-2011-1071|cve-2010-2898|cve-2010-1917|cve-2007-4782|cve-2010-3856|cve-2010-3847|cve-2010-0830|cve-2010-0296|cve-2009-4881|cve-2008-1391|cve-2009-4880|cve-2008-1391,lua,5.1,cve-2014-5461,openssl,0.9.8h,
TEG-160WS-1.00.15-ALL.HEX,glibc,2.8,cve-2016-1234|cve-2013-7423|cve-2013-1914|cve-2011-1659|cve-2011-1071|cve-2011-1658|cve-2010-3847|cve-2011-0536|cve-2011-1095|cve-2011-1089|cve-2010-0296|cve-2011-1071|cve-2010-2898|cve-2010-1917|cve-2007-4782|cve-2010-3856|cve-2010-3847|cve-2010-0830|cve-2010-0296|cve-2009-4881|cve-2008-1391|cve-2009-4880|cve-2008-1391,lua,5.1,cve-2014-5461,openssl,0.9.8h,
TEG-160WS-1.00.16-ALL.HEX,glibc,2.8,cve-2016-1234|cve-2013-7423|cve-2013-1914|cve-2011-1659|cve-2011-1071|cve-2011-1658|cve-2010-3847|cve-2011-0536|cve-2011-1095|cve-2011-1089|cve-2010-0296|cve-2011-1071|cve-2010-2898|cve-2010-1917|cve-2007-4782|cve-2010-3856|cve-2010-3847|cve-2010-0830|cve-2010-0296|cve-2009-4881|cve-2008-1391|cve-2009-4880|cve-2008-1391,lua,5.1,cve-2014-5461,openssl,0.9.8h,
TEG-160WS-1.00.17-ALL.HEX-0,glibc,2.8,cve-2016-1234|cve-2013-7423|cve-2013-1914|cve-2011-1659|cve-2011-1071|cve-2011-1658|cve-2010-3847|cve-2011-0536|cve-2011-1095|cve-2011-1089|cve-2010-0296|cve-2011-1071|cve-2010-2898|cve-2010-1917|cve-2007-4782|cve-2010-3856|cve-2010-3847|cve-2010-0830|cve-2010-0296|cve-2009-4881|cve-2008-1391|cve-2009-4880|cve-2008-1391,lua,5.1,cve-2014-5461,openssl,0.9.8h,
TEG-160WS-1.00.17-ALL.HEX,glibc,2.8,cve-2016-1234|cve-2013-7423|cve-2013-1914|cve-2011-1659|cve-2011-1071|cve-2011-1658|cve-2010-3847|cve-2011-0536|cve-2011-1095|cve-2011-1089|cve-2010-0296|cve-2011-1071|cve-2010-2898|cve-2010-1917|cve-2007-4782|cve-2010-3856|cve-2010-3847|cve-2010-0830|cve-2010-0296|cve-2009-4881|cve-2008-1391|cve-2009-4880|cve-2008-1391,lua,5.1,cve-2014-5461,openssl,0.9.8h,
TEG-204WS-1-00-010-ALL.HEX-0,lua,5.1,cve-2014-5461,openssl,0.9.8r,cve-2017-3735|cve-2014-3566|cve-2014-3510|cve-2014-3508|cve-2014-3507|cve-2014-3506|cve-2014-3505|cve-2014-3470|cve-2014-0221|cve-2014-0195|cve-2014-0076|cve-2013-0169|cve-2013-0166|cve-2012-2333|cve-2012-2110|cve-2012-1165|cve-2006-7250|cve-2012-0884|cve-2012-0027|cve-2011-4619|cve-2011-4577|cve-2011-4576|cve-2011-4109|cve-2011-4108|cve-2011-3210|cve-2011-1473|cve-2011-5094|cve-2010-5298|cve-2006-7250
TEG-204WS-1-00-010-ALL.HEX,lua,5.1,cve-2014-5461,openssl,0.9.8r,cve-2017-3735|cve-2014-3566|cve-2014-3510|cve-2014-3508|cve-2014-3507|cve-2014-3506|cve-2014-3505|cve-2014-3470|cve-2014-0221|cve-2014-0195|cve-2014-0076|cve-2013-0169|cve-2013-0166|cve-2012-2333|cve-2012-2110|cve-2012-1165|cve-2006-7250|cve-2012-0884|cve-2012-0027|cve-2011-4619|cve-2011-4577|cve-2011-4576|cve-2011-4109|cve-2011-4108|cve-2011-3210|cve-2011-1473|cve-2011-5094|cve-2010-5298|cve-2006-7250
TEG-204WS-1-10-026-ALL.HEX,lua,5.1,cve-2014-5461,openssl,0.9.8r,cve-2017-3735|cve-2014-3566|cve-2014-3510|cve-2014-3508|cve-2014-3507|cve-2014-3506|cve-2014-3505|cve-2014-3470|cve-2014-0221|cve-2014-0195|cve-2014-0076|cve-2013-0169|cve-2013-0166|cve-2012-2333|cve-2012-2110|cve-2012-1165|cve-2006-7250|cve-2012-0884|cve-2012-0027|cve-2011-4619|cve-2011-4577|cve-2011-4576|cve-2011-4109|cve-2011-4108|cve-2011-3210|cve-2011-1473|cve-2011-5094|cve-2010-5298|cve-2006-7250
TEG-2248WS-4-00-007-FW.HEX,lua,5.1,cve-2014-5461,openssl,0.9.8h,
TEG-2248WS-4-00-011-FW.HEX,lua,5.1,cve-2014-5461,openssl,0.9.8h,
TEG-2248WS-4-00-020-FW.HEX,lua,5.1,cve-2014-5461,openssl,0.9.8h,
TEG-240WS-1.00.08-ALL.HEX,glibc,2.8,cve-2016-1234|cve-2013-7423|cve-2013-1914|cve-2011-1659|cve-2011-1071|cve-2011-1658|cve-2010-3847|cve-2011-0536|cve-2011-1095|cve-2011-1089|cve-2010-0296|cve-2011-1071|cve-2010-2898|cve-2010-1917|cve-2007-4782|cve-2010-3856|cve-2010-3847|cve-2010-0830|cve-2010-0296|cve-2009-4881|cve-2008-1391|cve-2009-4880|cve-2008-1391,lua,5.1,cve-2014-5461,openssl,0.9.8h,
TEG-240WS-1.00.13-ALL.HEX,glibc,2.8,cve-2016-1234|cve-2013-7423|cve-2013-1914|cve-2011-1659|cve-2011-1071|cve-2011-1658|cve-2010-3847|cve-2011-0536|cve-2011-1095|cve-2011-1089|cve-2010-0296|cve-2011-1071|cve-2010-2898|cve-2010-1917|cve-2007-4782|cve-2010-3856|cve-2010-3847|cve-2010-0830|cve-2010-0296|cve-2009-4881|cve-2008-1391|cve-2009-4880|cve-2008-1391,lua,5.1,cve-2014-5461,openssl,0.9.8h,
TEG-240WS-1.00.16-FW.HEX,glibc,2.8,cve-2016-1234|cve-2013-7423|cve-2013-1914|cve-2011-1659|cve-2011-1071|cve-2011-1658|cve-2010-3847|cve-2011-0536|cve-2011-1095|cve-2011-1089|cve-2010-0296|cve-2011-1071|cve-2010-2898|cve-2010-1917|cve-2007-4782|cve-2010-3856|cve-2010-3847|cve-2010-0830|cve-2010-0296|cve-2009-4881|cve-2008-1391|cve-2009-4880|cve-2008-1391,lua,5.1,cve-2014-5461,openssl,0.9.8h,
TEG-240WS-1.00.17-ALL.HEX,glibc,2.8,cve-2016-1234|cve-2013-7423|cve-2013-1914|cve-2011-1659|cve-2011-1071|cve-2011-1658|cve-2010-3847|cve-2011-0536|cve-2011-1095|cve-2011-1089|cve-2010-0296|cve-2011-1071|cve-2010-2898|cve-2010-1917|cve-2007-4782|cve-2010-3856|cve-2010-3847|cve-2010-0830|cve-2010-0296|cve-2009-4881|cve-2008-1391|cve-2009-4880|cve-2008-1391,lua,5.1,cve-2014-5461,openssl,0.9.8h,
TEG-240WS-1.00.18-ALL.HEX,glibc,2.8,cve-2016-1234|cve-2013-7423|cve-2013-1914|cve-2011-1659|cve-2011-1071|cve-2011-1658|cve-2010-3847|cve-2011-0536|cve-2011-1095|cve-2011-1089|cve-2010-0296|cve-2011-1071|cve-2010-2898|cve-2010-1917|cve-2007-4782|cve-2010-3856|cve-2010-3847|cve-2010-0830|cve-2010-0296|cve-2009-4881|cve-2008-1391|cve-2009-4880|cve-2008-1391,lua,5.1,cve-2014-5461,openssl,0.9.8h,
TEG-240WS-1.00.19-ALL.HEX,glibc,2.8,cve-2016-1234|cve-2013-7423|cve-2013-1914|cve-2011-1659|cve-2011-1071|cve-2011-1658|cve-2010-3847|cve-2011-0536|cve-2011-1095|cve-2011-1089|cve-2010-0296|cve-2011-1071|cve-2010-2898|cve-2010-1917|cve-2007-4782|cve-2010-3856|cve-2010-3847|cve-2010-0830|cve-2010-0296|cve-2009-4881|cve-2008-1391|cve-2009-4880|cve-2008-1391,lua,5.1,cve-2014-5461,openssl,0.9.8h,
TEG-284WS-1-00-010-ALL.HEX,lua,5.1,cve-2014-5461,openssl,0.9.8r,cve-2017-3735|cve-2014-3566|cve-2014-3510|cve-2014-3508|cve-2014-3507|cve-2014-3506|cve-2014-3505|cve-2014-3470|cve-2014-0221|cve-2014-0195|cve-2014-0076|cve-2013-0169|cve-2013-0166|cve-2012-2333|cve-2012-2110|cve-2012-1165|cve-2006-7250|cve-2012-0884|cve-2012-0027|cve-2011-4619|cve-2011-4577|cve-2011-4576|cve-2011-4109|cve-2011-4108|cve-2011-3210|cve-2011-1473|cve-2011-5094|cve-2010-5298|cve-2006-7250
TEG-284WS-1-10-026-ALL.HEX-0,lua,5.1,cve-2014-5461,openssl,0.9.8r,cve-2017-3735|cve-2014-3566|cve-2014-3510|cve-2014-3508|cve-2014-3507|cve-2014-3506|cve-2014-3505|cve-2014-3470|cve-2014-0221|cve-2014-0195|cve-2014-0076|cve-2013-0169|cve-2013-0166|cve-2012-2333|cve-2012-2110|cve-2012-1165|cve-2006-7250|cve-2012-0884|cve-2012-0027|cve-2011-4619|cve-2011-4577|cve-2011-4576|cve-2011-4109|cve-2011-4108|cve-2011-3210|cve-2011-1473|cve-2011-5094|cve-2010-5298|cve-2006-7250
TEG-284WS-1-10-026-ALL.HEX,lua,5.1,cve-2014-5461,openssl,0.9.8r,cve-2017-3735|cve-2014-3566|cve-2014-3510|cve-2014-3508|cve-2014-3507|cve-2014-3506|cve-2014-3505|cve-2014-3470|cve-2014-0221|cve-2014-0195|cve-2014-0076|cve-2013-0169|cve-2013-0166|cve-2012-2333|cve-2012-2110|cve-2012-1165|cve-2006-7250|cve-2012-0884|cve-2012-0027|cve-2011-4619|cve-2011-4577|cve-2011-4576|cve-2011-4109|cve-2011-4108|cve-2011-3210|cve-2011-1473|cve-2011-5094|cve-2010-5298|cve-2006-7250
TEG-30284-1-00-010-ALL.HEX,busybox,1.20.2,cve-2018-20679|cve-2016-6301|cve-2015-9261|cve-2013-1813,iptables,1.4.16,cve-2012-2663|cve-2012-6638,lua,5.1,cve-2014-5461,openssl,0.9.8r,cve-2017-3735|cve-2014-3566|cve-2014-3510|cve-2014-3508|cve-2014-3507|cve-2014-3506|cve-2014-3505|cve-2014-3470|cve-2014-0221|cve-2014-0195|cve-2014-0076|cve-2013-0169|cve-2013-0166|cve-2012-2333|cve-2012-2110|cve-2012-1165|cve-2006-7250|cve-2012-0884|cve-2012-0027|cve-2011-4619|cve-2011-4577|cve-2011-4576|cve-2011-4109|cve-2011-4108|cve-2011-3210|cve-2011-1473|cve-2011-5094|cve-2010-5298|cve-2006-7250,util-linux,2.20,
TEG-30284-1-00-013-ALL.HEX,busybox,1.20.2,cve-2018-20679|cve-2016-6301|cve-2015-9261|cve-2013-1813,iptables,1.4.16,cve-2012-2663|cve-2012-6638,lua,5.1,cve-2014-5461,openssl,0.9.8r,cve-2017-3735|cve-2014-3566|cve-2014-3510|cve-2014-3508|cve-2014-3507|cve-2014-3506|cve-2014-3505|cve-2014-3470|cve-2014-0221|cve-2014-0195|cve-2014-0076|cve-2013-0169|cve-2013-0166|cve-2012-2333|cve-2012-2110|cve-2012-1165|cve-2006-7250|cve-2012-0884|cve-2012-0027|cve-2011-4619|cve-2011-4577|cve-2011-4576|cve-2011-4109|cve-2011-4108|cve-2011-3210|cve-2011-1473|cve-2011-5094|cve-2010-5298|cve-2006-7250,util-linux,2.20,
TEG-30284-1-00-014-ALL.HEX,busybox,1.20.2,cve-2018-20679|cve-2016-6301|cve-2015-9261|cve-2013-1813,iptables,1.4.16,cve-2012-2663|cve-2012-6638,lua,5.1,cve-2014-5461,openssl,0.9.8r,cve-2017-3735|cve-2014-3566|cve-2014-3510|cve-2014-3508|cve-2014-3507|cve-2014-3506|cve-2014-3505|cve-2014-3470|cve-2014-0221|cve-2014-0195|cve-2014-0076|cve-2013-0169|cve-2013-0166|cve-2012-2333|cve-2012-2110|cve-2012-1165|cve-2006-7250|cve-2012-0884|cve-2012-0027|cve-2011-4619|cve-2011-4577|cve-2011-4576|cve-2011-4109|cve-2011-4108|cve-2011-3210|cve-2011-1473|cve-2011-5094|cve-2010-5298|cve-2006-7250,util-linux,2.20,
TEG-30284-1-00-015-ALL.HEX,busybox,1.20.2,cve-2018-20679|cve-2016-6301|cve-2015-9261|cve-2013-1813,iptables,1.4.16,cve-2012-2663|cve-2012-6638,lua,5.1,cve-2014-5461,openssl,0.9.8r,cve-2017-3735|cve-2014-3566|cve-2014-3510|cve-2014-3508|cve-2014-3507|cve-2014-3506|cve-2014-3505|cve-2014-3470|cve-2014-0221|cve-2014-0195|cve-2014-0076|cve-2013-0169|cve-2013-0166|cve-2012-2333|cve-2012-2110|cve-2012-1165|cve-2006-7250|cve-2012-0884|cve-2012-0027|cve-2011-4619|cve-2011-4577|cve-2011-4576|cve-2011-4109|cve-2011-4108|cve-2011-3210|cve-2011-1473|cve-2011-5094|cve-2010-5298|cve-2006-7250,util-linux,2.20,
TEG-30284-1-00-016-ALL.HEX,busybox,1.20.2,cve-2018-20679|cve-2016-6301|cve-2015-9261|cve-2013-1813,iptables,1.4.16,cve-2012-2663|cve-2012-6638,lua,5.1,cve-2014-5461,openssl,0.9.8r,cve-2017-3735|cve-2014-3566|cve-2014-3510|cve-2014-3508|cve-2014-3507|cve-2014-3506|cve-2014-3505|cve-2014-3470|cve-2014-0221|cve-2014-0195|cve-2014-0076|cve-2013-0169|cve-2013-0166|cve-2012-2333|cve-2012-2110|cve-2012-1165|cve-2006-7250|cve-2012-0884|cve-2012-0027|cve-2011-4619|cve-2011-4577|cve-2011-4576|cve-2011-4109|cve-2011-4108|cve-2011-3210|cve-2011-1473|cve-2011-5094|cve-2010-5298|cve-2006-7250,util-linux,2.20,
TEG-30284-1-00-022-ALL.HEX,busybox,1.20.2,cve-2018-20679|cve-2016-6301|cve-2015-9261|cve-2013-1813,iptables,1.4.16,cve-2012-2663|cve-2012-6638,lua,5.1,cve-2014-5461,openssl,0.9.8r,cve-2017-3735|cve-2014-3566|cve-2014-3510|cve-2014-3508|cve-2014-3507|cve-2014-3506|cve-2014-3505|cve-2014-3470|cve-2014-0221|cve-2014-0195|cve-2014-0076|cve-2013-0169|cve-2013-0166|cve-2012-2333|cve-2012-2110|cve-2012-1165|cve-2006-7250|cve-2012-0884|cve-2012-0027|cve-2011-4619|cve-2011-4577|cve-2011-4576|cve-2011-4109|cve-2011-4108|cve-2011-3210|cve-2011-1473|cve-2011-5094|cve-2010-5298|cve-2006-7250,util-linux,2.20,
TEG-30284-1-00-024-FW.HEX,busybox,1.20.2,cve-2018-20679|cve-2016-6301|cve-2015-9261|cve-2013-1813,iptables,1.4.16,cve-2012-2663|cve-2012-6638,lua,5.1,cve-2014-5461,openssl,0.9.8r,cve-2017-3735|cve-2014-3566|cve-2014-3510|cve-2014-3508|cve-2014-3507|cve-2014-3506|cve-2014-3505|cve-2014-3470|cve-2014-0221|cve-2014-0195|cve-2014-0076|cve-2013-0169|cve-2013-0166|cve-2012-2333|cve-2012-2110|cve-2012-1165|cve-2006-7250|cve-2012-0884|cve-2012-0027|cve-2011-4619|cve-2011-4577|cve-2011-4576|cve-2011-4109|cve-2011-4108|cve-2011-3210|cve-2011-1473|cve-2011-5094|cve-2010-5298|cve-2006-7250,util-linux,2.20,
TEG-40128-1-00-010-ALL.HEX,busybox,1.20.2,cve-2018-20679|cve-2016-6301|cve-2015-9261|cve-2013-1813,iptables,1.4.16,cve-2012-2663|cve-2012-6638,lua,5.1,cve-2014-5461,openssl,0.9.8r,cve-2017-3735|cve-2014-3566|cve-2014-3510|cve-2014-3508|cve-2014-3507|cve-2014-3506|cve-2014-3505|cve-2014-3470|cve-2014-0221|cve-2014-0195|cve-2014-0076|cve-2013-0169|cve-2013-0166|cve-2012-2333|cve-2012-2110|cve-2012-1165|cve-2006-7250|cve-2012-0884|cve-2012-0027|cve-2011-4619|cve-2011-4577|cve-2011-4576|cve-2011-4109|cve-2011-4108|cve-2011-3210|cve-2011-1473|cve-2011-5094|cve-2010-5298|cve-2006-7250,util-linux,2.20,
TEG-40128-1-00-013-ALL.HEX,busybox,1.20.2,cve-2018-20679|cve-2016-6301|cve-2015-9261|cve-2013-1813,iptables,1.4.16,cve-2012-2663|cve-2012-6638,lua,5.1,cve-2014-5461,openssl,0.9.8r,cve-2017-3735|cve-2014-3566|cve-2014-3510|cve-2014-3508|cve-2014-3507|cve-2014-3506|cve-2014-3505|cve-2014-3470|cve-2014-0221|cve-2014-0195|cve-2014-0076|cve-2013-0169|cve-2013-0166|cve-2012-2333|cve-2012-2110|cve-2012-1165|cve-2006-7250|cve-2012-0884|cve-2012-0027|cve-2011-4619|cve-2011-4577|cve-2011-4576|cve-2011-4109|cve-2011-4108|cve-2011-3210|cve-2011-1473|cve-2011-5094|cve-2010-5298|cve-2006-7250,util-linux,2.20,
TEG-40128-1-00-014-ALL.HEX,busybox,1.20.2,cve-2018-20679|cve-2016-6301|cve-2015-9261|cve-2013-1813,iptables,1.4.16,cve-2012-2663|cve-2012-6638,lua,5.1,cve-2014-5461,openssl,0.9.8r,cve-2017-3735|cve-2014-3566|cve-2014-3510|cve-2014-3508|cve-2014-3507|cve-2014-3506|cve-2014-3505|cve-2014-3470|cve-2014-0221|cve-2014-0195|cve-2014-0076|cve-2013-0169|cve-2013-0166|cve-2012-2333|cve-2012-2110|cve-2012-1165|cve-2006-7250|cve-2012-0884|cve-2012-0027|cve-2011-4619|cve-2011-4577|cve-2011-4576|cve-2011-4109|cve-2011-4108|cve-2011-3210|cve-2011-1473|cve-2011-5094|cve-2010-5298|cve-2006-7250,util-linux,2.20,
TEG-40128-1-00-015-ALL.HEX,busybox,1.20.2,cve-2018-20679|cve-2016-6301|cve-2015-9261|cve-2013-1813,iptables,1.4.16,cve-2012-2663|cve-2012-6638,lua,5.1,cve-2014-5461,openssl,0.9.8r,cve-2017-3735|cve-2014-3566|cve-2014-3510|cve-2014-3508|cve-2014-3507|cve-2014-3506|cve-2014-3505|cve-2014-3470|cve-2014-0221|cve-2014-0195|cve-2014-0076|cve-2013-0169|cve-2013-0166|cve-2012-2333|cve-2012-2110|cve-2012-1165|cve-2006-7250|cve-2012-0884|cve-2012-0027|cve-2011-4619|cve-2011-4577|cve-2011-4576|cve-2011-4109|cve-2011-4108|cve-2011-3210|cve-2011-1473|cve-2011-5094|cve-2010-5298|cve-2006-7250,util-linux,2.20,
TEG-40128-1-00-021-ALL.HEX,busybox,1.20.2,cve-2018-20679|cve-2016-6301|cve-2015-9261|cve-2013-1813,iptables,1.4.16,cve-2012-2663|cve-2012-6638,lua,5.1,cve-2014-5461,openssl,0.9.8r,cve-2017-3735|cve-2014-3566|cve-2014-3510|cve-2014-3508|cve-2014-3507|cve-2014-3506|cve-2014-3505|cve-2014-3470|cve-2014-0221|cve-2014-0195|cve-2014-0076|cve-2013-0169|cve-2013-0166|cve-2012-2333|cve-2012-2110|cve-2012-1165|cve-2006-7250|cve-2012-0884|cve-2012-0027|cve-2011-4619|cve-2011-4577|cve-2011-4576|cve-2011-4109|cve-2011-4108|cve-2011-3210|cve-2011-1473|cve-2011-5094|cve-2010-5298|cve-2006-7250,util-linux,2.20,
TEG-40128-1-00-023-FW.HEX-0,busybox,1.20.2,cve-2018-20679|cve-2016-6301|cve-2015-9261|cve-2013-1813,iptables,1.4.16,cve-2012-2663|cve-2012-6638,lua,5.1,cve-2014-5461,openssl,0.9.8r,cve-2017-3735|cve-2014-3566|cve-2014-3510|cve-2014-3508|cve-2014-3507|cve-2014-3506|cve-2014-3505|cve-2014-3470|cve-2014-0221|cve-2014-0195|cve-2014-0076|cve-2013-0169|cve-2013-0166|cve-2012-2333|cve-2012-2110|cve-2012-1165|cve-2006-7250|cve-2012-0884|cve-2012-0027|cve-2011-4619|cve-2011-4577|cve-2011-4576|cve-2011-4109|cve-2011-4108|cve-2011-3210|cve-2011-1473|cve-2011-5094|cve-2010-5298|cve-2006-7250,util-linux,2.20,
TEG-40128-1-00-023-FW.HEX,busybox,1.20.2,cve-2018-20679|cve-2016-6301|cve-2015-9261|cve-2013-1813,iptables,1.4.16,cve-2012-2663|cve-2012-6638,lua,5.1,cve-2014-5461,openssl,0.9.8r,cve-2017-3735|cve-2014-3566|cve-2014-3510|cve-2014-3508|cve-2014-3507|cve-2014-3506|cve-2014-3505|cve-2014-3470|cve-2014-0221|cve-2014-0195|cve-2014-0076|cve-2013-0169|cve-2013-0166|cve-2012-2333|cve-2012-2110|cve-2012-1165|cve-2006-7250|cve-2012-0884|cve-2012-0027|cve-2011-4619|cve-2011-4577|cve-2011-4576|cve-2011-4109|cve-2011-4108|cve-2011-3210|cve-2011-1473|cve-2011-5094|cve-2010-5298|cve-2006-7250,util-linux,2.20,
TEG-424WS-4-00-011-FW.HEX,lua,5.1,cve-2014-5461,openssl,0.9.8h,
TEG-424WS-4-00-012-FW.HEX,lua,5.1,cve-2014-5461,openssl,0.9.8h,
TEG-424WS-4-00-015-FW.HEX,lua,5.1,cve-2014-5461,openssl,0.9.8h,
TEG-424WS-4-00-020-FW.HEX,lua,5.1,cve-2014-5461,openssl,0.9.8h,
TEG-448WS-1.00.09-ALL.HEX,glibc,2.8,cve-2016-1234|cve-2013-7423|cve-2013-1914|cve-2011-1659|cve-2011-1071|cve-2011-1658|cve-2010-3847|cve-2011-0536|cve-2011-1095|cve-2011-1089|cve-2010-0296|cve-2011-1071|cve-2010-2898|cve-2010-1917|cve-2007-4782|cve-2010-3856|cve-2010-3847|cve-2010-0830|cve-2010-0296|cve-2009-4881|cve-2008-1391|cve-2009-4880|cve-2008-1391,lua,5.1,cve-2014-5461,openssl,0.9.8h,
TEG-448WS-1.00.14-ALL.HEX,glibc,2.8,cve-2016-1234|cve-2013-7423|cve-2013-1914|cve-2011-1659|cve-2011-1071|cve-2011-1658|cve-2010-3847|cve-2011-0536|cve-2011-1095|cve-2011-1089|cve-2010-0296|cve-2011-1071|cve-2010-2898|cve-2010-1917|cve-2007-4782|cve-2010-3856|cve-2010-3847|cve-2010-0830|cve-2010-0296|cve-2009-4881|cve-2008-1391|cve-2009-4880|cve-2008-1391,lua,5.1,cve-2014-5461,openssl,0.9.8h,
TEG-448WS-1.00.15-FW.HEX,glibc,2.8,cve-2016-1234|cve-2013-7423|cve-2013-1914|cve-2011-1659|cve-2011-1071|cve-2011-1658|cve-2010-3847|cve-2011-0536|cve-2011-1095|cve-2011-1089|cve-2010-0296|cve-2011-1071|cve-2010-2898|cve-2010-1917|cve-2007-4782|cve-2010-3856|cve-2010-3847|cve-2010-0830|cve-2010-0296|cve-2009-4881|cve-2008-1391|cve-2009-4880|cve-2008-1391,lua,5.1,cve-2014-5461,openssl,0.9.8h,
TEG-448WS-1.00.16-ALL.HEX,glibc,2.8,cve-2016-1234|cve-2013-7423|cve-2013-1914|cve-2011-1659|cve-2011-1071|cve-2011-1658|cve-2010-3847|cve-2011-0536|cve-2011-1095|cve-2011-1089|cve-2010-0296|cve-2011-1071|cve-2010-2898|cve-2010-1917|cve-2007-4782|cve-2010-3856|cve-2010-3847|cve-2010-0830|cve-2010-0296|cve-2009-4881|cve-2008-1391|cve-2009-4880|cve-2008-1391,lua,5.1,cve-2014-5461,openssl,0.9.8h,
TEG-448WS-1.00.17-ALL.HEX,glibc,2.8,cve-2016-1234|cve-2013-7423|cve-2013-1914|cve-2011-1659|cve-2011-1071|cve-2011-1658|cve-2010-3847|cve-2011-0536|cve-2011-1095|cve-2011-1089|cve-2010-0296|cve-2011-1071|cve-2010-2898|cve-2010-1917|cve-2007-4782|cve-2010-3856|cve-2010-3847|cve-2010-0830|cve-2010-0296|cve-2009-4881|cve-2008-1391|cve-2009-4880|cve-2008-1391,lua,5.1,cve-2014-5461,openssl,0.9.8h,
TEG-448WS-1.00.18-ALL.HEX,glibc,2.8,cve-2016-1234|cve-2013-7423|cve-2013-1914|cve-2011-1659|cve-2011-1071|cve-2011-1658|cve-2010-3847|cve-2011-0536|cve-2011-1095|cve-2011-1089|cve-2010-0296|cve-2011-1071|cve-2010-2898|cve-2010-1917|cve-2007-4782|cve-2010-3856|cve-2010-3847|cve-2010-0830|cve-2010-0296|cve-2009-4881|cve-2008-1391|cve-2009-4880|cve-2008-1391,lua,5.1,cve-2014-5461,openssl,0.9.8h,
TEG-524WS-1-00-010-ALL.HEX,lua,5.1,cve-2014-5461,openssl,0.9.8r,cve-2017-3735|cve-2014-3566|cve-2014-3510|cve-2014-3508|cve-2014-3507|cve-2014-3506|cve-2014-3505|cve-2014-3470|cve-2014-0221|cve-2014-0195|cve-2014-0076|cve-2013-0169|cve-2013-0166|cve-2012-2333|cve-2012-2110|cve-2012-1165|cve-2006-7250|cve-2012-0884|cve-2012-0027|cve-2011-4619|cve-2011-4577|cve-2011-4576|cve-2011-4109|cve-2011-4108|cve-2011-3210|cve-2011-1473|cve-2011-5094|cve-2010-5298|cve-2006-7250
TEG-524WS-1-10-026-ALL.HEX,lua,5.1,cve-2014-5461,openssl,0.9.8r,cve-2017-3735|cve-2014-3566|cve-2014-3510|cve-2014-3508|cve-2014-3507|cve-2014-3506|cve-2014-3505|cve-2014-3470|cve-2014-0221|cve-2014-0195|cve-2014-0076|cve-2013-0169|cve-2013-0166|cve-2012-2333|cve-2012-2110|cve-2012-1165|cve-2006-7250|cve-2012-0884|cve-2012-0027|cve-2011-4619|cve-2011-4577|cve-2011-4576|cve-2011-4109|cve-2011-4108|cve-2011-3210|cve-2011-1473|cve-2011-5094|cve-2010-5298|cve-2006-7250
TL2-E284-1-00-010.HEX,glibc,2.3,cve-2016-1234|cve-2013-7423|cve-2013-1914|cve-2011-1659|cve-2011-1071|cve-2011-1658|cve-2010-3847|cve-2011-0536|cve-2011-1095|cve-2011-1089|cve-2010-0296|cve-2011-1071|cve-2010-2898|cve-2010-1917|cve-2007-4782|cve-2010-3856|cve-2010-3847|cve-2010-0830|cve-2010-0296|cve-2009-4881|cve-2008-1391|cve-2009-4880|cve-2008-1391|cve-2006-7254|cve-2005-3590|cve-2004-1453|cve-2004-1382|cve-2004-0968|cve-2004-0968|cve-2003-0028|cve-2002-0391|cve-2002-1265,iproute2,2,,iptables,1.4.0,cve-2012-2663|cve-2012-6638,libgcrypt,1.8.1,cve-2018-0495,lua,5.2.4,,make,4.2.1,,systemd,2,cve-2019-3844|cve-2019-3843|cve-2018-16888|cve-2018-1049|cve-2017-18078,tor,730.45852,
TL2-E284-1-00-011.HEX,glibc,2.3,cve-2016-1234|cve-2013-7423|cve-2013-1914|cve-2011-1659|cve-2011-1071|cve-2011-1658|cve-2010-3847|cve-2011-0536|cve-2011-1095|cve-2011-1089|cve-2010-0296|cve-2011-1071|cve-2010-2898|cve-2010-1917|cve-2007-4782|cve-2010-3856|cve-2010-3847|cve-2010-0830|cve-2010-0296|cve-2009-4881|cve-2008-1391|cve-2009-4880|cve-2008-1391|cve-2006-7254|cve-2005-3590|cve-2004-1453|cve-2004-1382|cve-2004-0968|cve-2004-0968|cve-2003-0028|cve-2002-0391|cve-2002-1265,iproute2,2,,iptables,1.4.0,cve-2012-2663|cve-2012-6638,libgcrypt,1.8.1,cve-2018-0495,lua,5.2.4,,make,4.2.1,,systemd,2,cve-2019-3844|cve-2019-3843|cve-2018-16888|cve-2018-1049|cve-2017-18078,tor,730.45852,
TL2-G244-1-00-006.HEX,glibc,2.3,cve-2016-1234|cve-2013-7423|cve-2013-1914|cve-2011-1659|cve-2011-1071|cve-2011-1658|cve-2010-3847|cve-2011-0536|cve-2011-1095|cve-2011-1089|cve-2010-0296|cve-2011-1071|cve-2010-2898|cve-2010-1917|cve-2007-4782|cve-2010-3856|cve-2010-3847|cve-2010-0830|cve-2010-0296|cve-2009-4881|cve-2008-1391|cve-2009-4880|cve-2008-1391|cve-2006-7254|cve-2005-3590|cve-2004-1453|cve-2004-1382|cve-2004-0968|cve-2004-0968|cve-2003-0028|cve-2002-0391|cve-2002-1265,iproute2,2,,iptables,1.4.0,cve-2012-2663|cve-2012-6638,libgcrypt,1.8.1,cve-2018-0495,lua,5.2.4,,make,4.2.1,,systemd,2,cve-2019-3844|cve-2019-3843|cve-2018-16888|cve-2018-1049|cve-2017-18078,tor,730.45852,
TL2-G244-1-00-007.HEX,glibc,2.3,cve-2016-1234|cve-2013-7423|cve-2013-1914|cve-2011-1659|cve-2011-1071|cve-2011-1658|cve-2010-3847|cve-2011-0536|cve-2011-1095|cve-2011-1089|cve-2010-0296|cve-2011-1071|cve-2010-2898|cve-2010-1917|cve-2007-4782|cve-2010-3856|cve-2010-3847|cve-2010-0830|cve-2010-0296|cve-2009-4881|cve-2008-1391|cve-2009-4880|cve-2008-1391|cve-2006-7254|cve-2005-3590|cve-2004-1453|cve-2004-1382|cve-2004-0968|cve-2004-0968|cve-2003-0028|cve-2002-0391|cve-2002-1265,iproute2,2,,iptables,1.4.0,cve-2012-2663|cve-2012-6638,libgcrypt,1.8.1,cve-2018-0495,lua,5.2.4,,make,4.2.1,,systemd,2,cve-2019-3844|cve-2019-3843|cve-2018-16888|cve-2018-1049|cve-2017-18078,tor,730.45852,
TL2-G244-2-00-04-ALL.HEX,glibc,2.8,cve-2016-1234|cve-2013-7423|cve-2013-1914|cve-2011-1659|cve-2011-1071|cve-2011-1658|cve-2010-3847|cve-2011-0536|cve-2011-1095|cve-2011-1089|cve-2010-0296|cve-2011-1071|cve-2010-2898|cve-2010-1917|cve-2007-4782|cve-2010-3856|cve-2010-3847|cve-2010-0830|cve-2010-0296|cve-2009-4881|cve-2008-1391|cve-2009-4880|cve-2008-1391,lua,5.1,cve-2014-5461,openssl,0.9.8r,cve-2017-3735|cve-2014-3566|cve-2014-3510|cve-2014-3508|cve-2014-3507|cve-2014-3506|cve-2014-3505|cve-2014-3470|cve-2014-0221|cve-2014-0195|cve-2014-0076|cve-2013-0169|cve-2013-0166|cve-2012-2333|cve-2012-2110|cve-2012-1165|cve-2006-7250|cve-2012-0884|cve-2012-0027|cve-2011-4619|cve-2011-4577|cve-2011-4576|cve-2011-4109|cve-2011-4108|cve-2011-3210|cve-2011-1473|cve-2011-5094|cve-2010-5298|cve-2006-7250
TL2-G244-2-01-04-ALL.HEX,glibc,2.8,cve-2016-1234|cve-2013-7423|cve-2013-1914|cve-2011-1659|cve-2011-1071|cve-2011-1658|cve-2010-3847|cve-2011-0536|cve-2011-1095|cve-2011-1089|cve-2010-0296|cve-2011-1071|cve-2010-2898|cve-2010-1917|cve-2007-4782|cve-2010-3856|cve-2010-3847|cve-2010-0830|cve-2010-0296|cve-2009-4881|cve-2008-1391|cve-2009-4880|cve-2008-1391,lua,5.1,cve-2014-5461,openssl,0.9.8r,cve-2017-3735|cve-2014-3566|cve-2014-3510|cve-2014-3508|cve-2014-3507|cve-2014-3506|cve-2014-3505|cve-2014-3470|cve-2014-0221|cve-2014-0195|cve-2014-0076|cve-2013-0169|cve-2013-0166|cve-2012-2333|cve-2012-2110|cve-2012-1165|cve-2006-7250|cve-2012-0884|cve-2012-0027|cve-2011-4619|cve-2011-4577|cve-2011-4576|cve-2011-4109|cve-2011-4108|cve-2011-3210|cve-2011-1473|cve-2011-5094|cve-2010-5298|cve-2006-7250
TL2-G244-2-01-05-ALL.HEX-0,glibc,2.8,cve-2016-1234|cve-2013-7423|cve-2013-1914|cve-2011-1659|cve-2011-1071|cve-2011-1658|cve-2010-3847|cve-2011-0536|cve-2011-1095|cve-2011-1089|cve-2010-0296|cve-2011-1071|cve-2010-2898|cve-2010-1917|cve-2007-4782|cve-2010-3856|cve-2010-3847|cve-2010-0830|cve-2010-0296|cve-2009-4881|cve-2008-1391|cve-2009-4880|cve-2008-1391,lua,5.1,cve-2014-5461,openssl,0.9.8r,cve-2017-3735|cve-2014-3566|cve-2014-3510|cve-2014-3508|cve-2014-3507|cve-2014-3506|cve-2014-3505|cve-2014-3470|cve-2014-0221|cve-2014-0195|cve-2014-0076|cve-2013-0169|cve-2013-0166|cve-2012-2333|cve-2012-2110|cve-2012-1165|cve-2006-7250|cve-2012-0884|cve-2012-0027|cve-2011-4619|cve-2011-4577|cve-2011-4576|cve-2011-4109|cve-2011-4108|cve-2011-3210|cve-2011-1473|cve-2011-5094|cve-2010-5298|cve-2006-7250
TL2-G244-2-01-05-ALL.HEX,glibc,2.8,cve-2016-1234|cve-2013-7423|cve-2013-1914|cve-2011-1659|cve-2011-1071|cve-2011-1658|cve-2010-3847|cve-2011-0536|cve-2011-1095|cve-2011-1089|cve-2010-0296|cve-2011-1071|cve-2010-2898|cve-2010-1917|cve-2007-4782|cve-2010-3856|cve-2010-3847|cve-2010-0830|cve-2010-0296|cve-2009-4881|cve-2008-1391|cve-2009-4880|cve-2008-1391,lua,5.1,cve-2014-5461,openssl,0.9.8r,cve-2017-3735|cve-2014-3566|cve-2014-3510|cve-2014-3508|cve-2014-3507|cve-2014-3506|cve-2014-3505|cve-2014-3470|cve-2014-0221|cve-2014-0195|cve-2014-0076|cve-2013-0169|cve-2013-0166|cve-2012-2333|cve-2012-2110|cve-2012-1165|cve-2006-7250|cve-2012-0884|cve-2012-0027|cve-2011-4619|cve-2011-4577|cve-2011-4576|cve-2011-4109|cve-2011-4108|cve-2011-3210|cve-2011-1473|cve-2011-5094|cve-2010-5298|cve-2006-7250
TL2-G244-2-02-04-ALL.HEX,glibc,2.8,cve-2016-1234|cve-2013-7423|cve-2013-1914|cve-2011-1659|cve-2011-1071|cve-2011-1658|cve-2010-3847|cve-2011-0536|cve-2011-1095|cve-2011-1089|cve-2010-0296|cve-2011-1071|cve-2010-2898|cve-2010-1917|cve-2007-4782|cve-2010-3856|cve-2010-3847|cve-2010-0830|cve-2010-0296|cve-2009-4881|cve-2008-1391|cve-2009-4880|cve-2008-1391,lua,5.1,cve-2014-5461,openssl,0.9.8r,cve-2017-3735|cve-2014-3566|cve-2014-3510|cve-2014-3508|cve-2014-3507|cve-2014-3506|cve-2014-3505|cve-2014-3470|cve-2014-0221|cve-2014-0195|cve-2014-0076|cve-2013-0169|cve-2013-0166|cve-2012-2333|cve-2012-2110|cve-2012-1165|cve-2006-7250|cve-2012-0884|cve-2012-0027|cve-2011-4619|cve-2011-4577|cve-2011-4576|cve-2011-4109|cve-2011-4108|cve-2011-3210|cve-2011-1473|cve-2011-5094|cve-2010-5298|cve-2006-7250
TL2-G448-1-00-05-ALL.HEX,glibc,2.8,cve-2016-1234|cve-2013-7423|cve-2013-1914|cve-2011-1659|cve-2011-1071|cve-2011-1658|cve-2010-3847|cve-2011-0536|cve-2011-1095|cve-2011-1089|cve-2010-0296|cve-2011-1071|cve-2010-2898|cve-2010-1917|cve-2007-4782|cve-2010-3856|cve-2010-3847|cve-2010-0830|cve-2010-0296|cve-2009-4881|cve-2008-1391|cve-2009-4880|cve-2008-1391,lua,5.1,cve-2014-5461,openssl,0.9.8r,cve-2017-3735|cve-2014-3566|cve-2014-3510|cve-2014-3508|cve-2014-3507|cve-2014-3506|cve-2014-3505|cve-2014-3470|cve-2014-0221|cve-2014-0195|cve-2014-0076|cve-2013-0169|cve-2013-0166|cve-2012-2333|cve-2012-2110|cve-2012-1165|cve-2006-7250|cve-2012-0884|cve-2012-0027|cve-2011-4619|cve-2011-4577|cve-2011-4576|cve-2011-4109|cve-2011-4108|cve-2011-3210|cve-2011-1473|cve-2011-5094|cve-2010-5298|cve-2006-7250
TL2-G448-1-01-04-ALL.HEX,glibc,2.8,cve-2016-1234|cve-2013-7423|cve-2013-1914|cve-2011-1659|cve-2011-1071|cve-2011-1658|cve-2010-3847|cve-2011-0536|cve-2011-1095|cve-2011-1089|cve-2010-0296|cve-2011-1071|cve-2010-2898|cve-2010-1917|cve-2007-4782|cve-2010-3856|cve-2010-3847|cve-2010-0830|cve-2010-0296|cve-2009-4881|cve-2008-1391|cve-2009-4880|cve-2008-1391,lua,5.1,cve-2014-5461,openssl,0.9.8r,cve-2017-3735|cve-2014-3566|cve-2014-3510|cve-2014-3508|cve-2014-3507|cve-2014-3506|cve-2014-3505|cve-2014-3470|cve-2014-0221|cve-2014-0195|cve-2014-0076|cve-2013-0169|cve-2013-0166|cve-2012-2333|cve-2012-2110|cve-2012-1165|cve-2006-7250|cve-2012-0884|cve-2012-0027|cve-2011-4619|cve-2011-4577|cve-2011-4576|cve-2011-4109|cve-2011-4108|cve-2011-3210|cve-2011-1473|cve-2011-5094|cve-2010-5298|cve-2006-7250
TL2-PG284-1-00-03-ALL.HEX,glibc,2.8,cve-2016-1234|cve-2013-7423|cve-2013-1914|cve-2011-1659|cve-2011-1071|cve-2011-1658|cve-2010-3847|cve-2011-0536|cve-2011-1095|cve-2011-1089|cve-2010-0296|cve-2011-1071|cve-2010-2898|cve-2010-1917|cve-2007-4782|cve-2010-3856|cve-2010-3847|cve-2010-0830|cve-2010-0296|cve-2009-4881|cve-2008-1391|cve-2009-4880|cve-2008-1391,lua,5.1,cve-2014-5461,openssl,0.9.8r,cve-2017-3735|cve-2014-3566|cve-2014-3510|cve-2014-3508|cve-2014-3507|cve-2014-3506|cve-2014-3505|cve-2014-3470|cve-2014-0221|cve-2014-0195|cve-2014-0076|cve-2013-0169|cve-2013-0166|cve-2012-2333|cve-2012-2110|cve-2012-1165|cve-2006-7250|cve-2012-0884|cve-2012-0027|cve-2011-4619|cve-2011-4577|cve-2011-4576|cve-2011-4109|cve-2011-4108|cve-2011-3210|cve-2011-1473|cve-2011-5094|cve-2010-5298|cve-2006-7250
TL2-PG284-1-01-08-ALL.HEX,glibc,2.8,cve-2016-1234|cve-2013-7423|cve-2013-1914|cve-2011-1659|cve-2011-1071|cve-2011-1658|cve-2010-3847|cve-2011-0536|cve-2011-1095|cve-2011-1089|cve-2010-0296|cve-2011-1071|cve-2010-2898|cve-2010-1917|cve-2007-4782|cve-2010-3856|cve-2010-3847|cve-2010-0830|cve-2010-0296|cve-2009-4881|cve-2008-1391|cve-2009-4880|cve-2008-1391,lua,5.1,cve-2014-5461,openssl,0.9.8r,cve-2017-3735|cve-2014-3566|cve-2014-3510|cve-2014-3508|cve-2014-3507|cve-2014-3506|cve-2014-3505|cve-2014-3470|cve-2014-0221|cve-2014-0195|cve-2014-0076|cve-2013-0169|cve-2013-0166|cve-2012-2333|cve-2012-2110|cve-2012-1165|cve-2006-7250|cve-2012-0884|cve-2012-0027|cve-2011-4619|cve-2011-4577|cve-2011-4576|cve-2011-4109|cve-2011-4108|cve-2011-3210|cve-2011-1473|cve-2011-5094|cve-2010-5298|cve-2006-7250
TPE-082WS-1-00-010-ALL.HEX,lua,5.1,cve-2014-5461,openssl,0.9.8r,cve-2017-3735|cve-2014-3566|cve-2014-3510|cve-2014-3508|cve-2014-3507|cve-2014-3506|cve-2014-3505|cve-2014-3470|cve-2014-0221|cve-2014-0195|cve-2014-0076|cve-2013-0169|cve-2013-0166|cve-2012-2333|cve-2012-2110|cve-2012-1165|cve-2006-7250|cve-2012-0884|cve-2012-0027|cve-2011-4619|cve-2011-4577|cve-2011-4576|cve-2011-4109|cve-2011-4108|cve-2011-3210|cve-2011-1473|cve-2011-5094|cve-2010-5298|cve-2006-7250
TPE-082WS-1-00-011-ALL.HEX,lua,5.1,cve-2014-5461,openssl,0.9.8r,cve-2017-3735|cve-2014-3566|cve-2014-3510|cve-2014-3508|cve-2014-3507|cve-2014-3506|cve-2014-3505|cve-2014-3470|cve-2014-0221|cve-2014-0195|cve-2014-0076|cve-2013-0169|cve-2013-0166|cve-2012-2333|cve-2012-2110|cve-2012-1165|cve-2006-7250|cve-2012-0884|cve-2012-0027|cve-2011-4619|cve-2011-4577|cve-2011-4576|cve-2011-4109|cve-2011-4108|cve-2011-3210|cve-2011-1473|cve-2011-5094|cve-2010-5298|cve-2006-7250
TPE-1020WS-1.00.10-ALL.HEX,glibc,2.8,cve-2016-1234|cve-2013-7423|cve-2013-1914|cve-2011-1659|cve-2011-1071|cve-2011-1658|cve-2010-3847|cve-2011-0536|cve-2011-1095|cve-2011-1089|cve-2010-0296|cve-2011-1071|cve-2010-2898|cve-2010-1917|cve-2007-4782|cve-2010-3856|cve-2010-3847|cve-2010-0830|cve-2010-0296|cve-2009-4881|cve-2008-1391|cve-2009-4880|cve-2008-1391,lua,5.1,cve-2014-5461,openssl,0.9.8h,
TPE-1020WS-1.00.11-FW.HEX,glibc,2.8,cve-2016-1234|cve-2013-7423|cve-2013-1914|cve-2011-1659|cve-2011-1071|cve-2011-1658|cve-2010-3847|cve-2011-0536|cve-2011-1095|cve-2011-1089|cve-2010-0296|cve-2011-1071|cve-2010-2898|cve-2010-1917|cve-2007-4782|cve-2010-3856|cve-2010-3847|cve-2010-0830|cve-2010-0296|cve-2009-4881|cve-2008-1391|cve-2009-4880|cve-2008-1391,lua,5.1,cve-2014-5461,openssl,0.9.8h,
TPE-1020WS-1.00.13-ALL.HEX,glibc,2.8,cve-2016-1234|cve-2013-7423|cve-2013-1914|cve-2011-1659|cve-2011-1071|cve-2011-1658|cve-2010-3847|cve-2011-0536|cve-2011-1095|cve-2011-1089|cve-2010-0296|cve-2011-1071|cve-2010-2898|cve-2010-1917|cve-2007-4782|cve-2010-3856|cve-2010-3847|cve-2010-0830|cve-2010-0296|cve-2009-4881|cve-2008-1391|cve-2009-4880|cve-2008-1391,lua,5.1,cve-2014-5461,openssl,0.9.8h,
TPE-1020WS-1.00.19-ALL.HEX,glibc,2.8,cve-2016-1234|cve-2013-7423|cve-2013-1914|cve-2011-1659|cve-2011-1071|cve-2011-1658|cve-2010-3847|cve-2011-0536|cve-2011-1095|cve-2011-1089|cve-2010-0296|cve-2011-1071|cve-2010-2898|cve-2010-1917|cve-2007-4782|cve-2010-3856|cve-2010-3847|cve-2010-0830|cve-2010-0296|cve-2009-4881|cve-2008-1391|cve-2009-4880|cve-2008-1391,lua,5.1,cve-2014-5461,openssl,0.9.8h,
TPE-1020WS-1.00.21-FW.HEX,glibc,2.8,cve-2016-1234|cve-2013-7423|cve-2013-1914|cve-2011-1659|cve-2011-1071|cve-2011-1658|cve-2010-3847|cve-2011-0536|cve-2011-1095|cve-2011-1089|cve-2010-0296|cve-2011-1071|cve-2010-2898|cve-2010-1917|cve-2007-4782|cve-2010-3856|cve-2010-3847|cve-2010-0830|cve-2010-0296|cve-2009-4881|cve-2008-1391|cve-2009-4880|cve-2008-1391,lua,5.1,cve-2014-5461,openssl,0.9.8h,
TPE-1020WS-1.00.23-FW.HEX,glibc,2.8,cve-2016-1234|cve-2013-7423|cve-2013-1914|cve-2011-1659|cve-2011-1071|cve-2011-1658|cve-2010-3847|cve-2011-0536|cve-2011-1095|cve-2011-1089|cve-2010-0296|cve-2011-1071|cve-2010-2898|cve-2010-1917|cve-2007-4782|cve-2010-3856|cve-2010-3847|cve-2010-0830|cve-2010-0296|cve-2009-4881|cve-2008-1391|cve-2009-4880|cve-2008-1391,lua,5.1,cve-2014-5461,openssl,0.9.8h,
TPE-1020WS-1.00.24-ALL.HEX,glibc,2.8,cve-2016-1234|cve-2013-7423|cve-2013-1914|cve-2011-1659|cve-2011-1071|cve-2011-1658|cve-2010-3847|cve-2011-0536|cve-2011-1095|cve-2011-1089|cve-2010-0296|cve-2011-1071|cve-2010-2898|cve-2010-1917|cve-2007-4782|cve-2010-3856|cve-2010-3847|cve-2010-0830|cve-2010-0296|cve-2009-4881|cve-2008-1391|cve-2009-4880|cve-2008-1391,lua,5.1,cve-2014-5461,openssl,0.9.8h,
TPE-1020WS-1.00.25-ALL.HEX,glibc,2.8,cve-2016-1234|cve-2013-7423|cve-2013-1914|cve-2011-1659|cve-2011-1071|cve-2011-1658|cve-2010-3847|cve-2011-0536|cve-2011-1095|cve-2011-1089|cve-2010-0296|cve-2011-1071|cve-2010-2898|cve-2010-1917|cve-2007-4782|cve-2010-3856|cve-2010-3847|cve-2010-0830|cve-2010-0296|cve-2009-4881|cve-2008-1391|cve-2009-4880|cve-2008-1391,lua,5.1,cve-2014-5461,openssl,0.9.8h,
TPE-1020WS-1.00.26-ALL.HEX,glibc,2.8,cve-2016-1234|cve-2013-7423|cve-2013-1914|cve-2011-1659|cve-2011-1071|cve-2011-1658|cve-2010-3847|cve-2011-0536|cve-2011-1095|cve-2011-1089|cve-2010-0296|cve-2011-1071|cve-2010-2898|cve-2010-1917|cve-2007-4782|cve-2010-3856|cve-2010-3847|cve-2010-0830|cve-2010-0296|cve-2009-4881|cve-2008-1391|cve-2009-4880|cve-2008-1391,lua,5.1,cve-2014-5461,openssl,0.9.8h,
TPE-1020WS-1.00.28-FW.HEX,glibc,2.8,cve-2016-1234|cve-2013-7423|cve-2013-1914|cve-2011-1659|cve-2011-1071|cve-2011-1658|cve-2010-3847|cve-2011-0536|cve-2011-1095|cve-2011-1089|cve-2010-0296|cve-2011-1071|cve-2010-2898|cve-2010-1917|cve-2007-4782|cve-2010-3856|cve-2010-3847|cve-2010-0830|cve-2010-0296|cve-2009-4881|cve-2008-1391|cve-2009-4880|cve-2008-1391,lua,5.1,cve-2014-5461,openssl,0.9.8h,
TPE-1020WS-1.00.29-ALL.HEX,glibc,2.8,cve-2016-1234|cve-2013-7423|cve-2013-1914|cve-2011-1659|cve-2011-1071|cve-2011-1658|cve-2010-3847|cve-2011-0536|cve-2011-1095|cve-2011-1089|cve-2010-0296|cve-2011-1071|cve-2010-2898|cve-2010-1917|cve-2007-4782|cve-2010-3856|cve-2010-3847|cve-2010-0830|cve-2010-0296|cve-2009-4881|cve-2008-1391|cve-2009-4880|cve-2008-1391,lua,5.1,cve-2014-5461,openssl,0.9.8h,
TPE-1620WS-1-00-010-ALL.HEX,lua,5.1,cve-2014-5461,openssl,0.9.8r,cve-2017-3735|cve-2014-3566|cve-2014-3510|cve-2014-3508|cve-2014-3507|cve-2014-3506|cve-2014-3505|cve-2014-3470|cve-2014-0221|cve-2014-0195|cve-2014-0076|cve-2013-0169|cve-2013-0166|cve-2012-2333|cve-2012-2110|cve-2012-1165|cve-2006-7250|cve-2012-0884|cve-2012-0027|cve-2011-4619|cve-2011-4577|cve-2011-4576|cve-2011-4109|cve-2011-4108|cve-2011-3210|cve-2011-1473|cve-2011-5094|cve-2010-5298|cve-2006-7250
TPE-1620WS-1.00.10-ALL.HEX-0,glibc,2.8,cve-2016-1234|cve-2013-7423|cve-2013-1914|cve-2011-1659|cve-2011-1071|cve-2011-1658|cve-2010-3847|cve-2011-0536|cve-2011-1095|cve-2011-1089|cve-2010-0296|cve-2011-1071|cve-2010-2898|cve-2010-1917|cve-2007-4782|cve-2010-3856|cve-2010-3847|cve-2010-0830|cve-2010-0296|cve-2009-4881|cve-2008-1391|cve-2009-4880|cve-2008-1391,lua,5.1,cve-2014-5461,openssl,0.9.8h,
TPE-1620WS-1.00.10-ALL.HEX,glibc,2.8,cve-2016-1234|cve-2013-7423|cve-2013-1914|cve-2011-1659|cve-2011-1071|cve-2011-1658|cve-2010-3847|cve-2011-0536|cve-2011-1095|cve-2011-1089|cve-2010-0296|cve-2011-1071|cve-2010-2898|cve-2010-1917|cve-2007-4782|cve-2010-3856|cve-2010-3847|cve-2010-0830|cve-2010-0296|cve-2009-4881|cve-2008-1391|cve-2009-4880|cve-2008-1391,lua,5.1,cve-2014-5461,openssl,0.9.8h,
TPE-1620WS-1.00.11-FW.HEX,glibc,2.8,cve-2016-1234|cve-2013-7423|cve-2013-1914|cve-2011-1659|cve-2011-1071|cve-2011-1658|cve-2010-3847|cve-2011-0536|cve-2011-1095|cve-2011-1089|cve-2010-0296|cve-2011-1071|cve-2010-2898|cve-2010-1917|cve-2007-4782|cve-2010-3856|cve-2010-3847|cve-2010-0830|cve-2010-0296|cve-2009-4881|cve-2008-1391|cve-2009-4880|cve-2008-1391,lua,5.1,cve-2014-5461,openssl,0.9.8h,
TPE-1620WS-1.00.13-ALL.HEX,glibc,2.8,cve-2016-1234|cve-2013-7423|cve-2013-1914|cve-2011-1659|cve-2011-1071|cve-2011-1658|cve-2010-3847|cve-2011-0536|cve-2011-1095|cve-2011-1089|cve-2010-0296|cve-2011-1071|cve-2010-2898|cve-2010-1917|cve-2007-4782|cve-2010-3856|cve-2010-3847|cve-2010-0830|cve-2010-0296|cve-2009-4881|cve-2008-1391|cve-2009-4880|cve-2008-1391,lua,5.1,cve-2014-5461,openssl,0.9.8h,
TPE-1620WS-1.00.16-ALL.HEX,glibc,2.8,cve-2016-1234|cve-2013-7423|cve-2013-1914|cve-2011-1659|cve-2011-1071|cve-2011-1658|cve-2010-3847|cve-2011-0536|cve-2011-1095|cve-2011-1089|cve-2010-0296|cve-2011-1071|cve-2010-2898|cve-2010-1917|cve-2007-4782|cve-2010-3856|cve-2010-3847|cve-2010-0830|cve-2010-0296|cve-2009-4881|cve-2008-1391|cve-2009-4880|cve-2008-1391,lua,5.1,cve-2014-5461,openssl,0.9.8h,
TPE-1620WS-1.00.17-ALL.HEX,glibc,2.8,cve-2016-1234|cve-2013-7423|cve-2013-1914|cve-2011-1659|cve-2011-1071|cve-2011-1658|cve-2010-3847|cve-2011-0536|cve-2011-1095|cve-2011-1089|cve-2010-0296|cve-2011-1071|cve-2010-2898|cve-2010-1917|cve-2007-4782|cve-2010-3856|cve-2010-3847|cve-2010-0830|cve-2010-0296|cve-2009-4881|cve-2008-1391|cve-2009-4880|cve-2008-1391,lua,5.1,cve-2014-5461,openssl,0.9.8h,
TPE-1620WS-1.00.18-ALL.HEX,glibc,2.8,cve-2016-1234|cve-2013-7423|cve-2013-1914|cve-2011-1659|cve-2011-1071|cve-2011-1658|cve-2010-3847|cve-2011-0536|cve-2011-1095|cve-2011-1089|cve-2010-0296|cve-2011-1071|cve-2010-2898|cve-2010-1917|cve-2007-4782|cve-2010-3856|cve-2010-3847|cve-2010-0830|cve-2010-0296|cve-2009-4881|cve-2008-1391|cve-2009-4880|cve-2008-1391,lua,5.1,cve-2014-5461,openssl,0.9.8h,
TPE-1620WS-1.00.19-ALL.HEX,glibc,2.8,cve-2016-1234|cve-2013-7423|cve-2013-1914|cve-2011-1659|cve-2011-1071|cve-2011-1658|cve-2010-3847|cve-2011-0536|cve-2011-1095|cve-2011-1089|cve-2010-0296|cve-2011-1071|cve-2010-2898|cve-2010-1917|cve-2007-4782|cve-2010-3856|cve-2010-3847|cve-2010-0830|cve-2010-0296|cve-2009-4881|cve-2008-1391|cve-2009-4880|cve-2008-1391,lua,5.1,cve-2014-5461,openssl,0.9.8h,
TPE-1620WS-1.00.20-ALL.HEX,glibc,2.8,cve-2016-1234|cve-2013-7423|cve-2013-1914|cve-2011-1659|cve-2011-1071|cve-2011-1658|cve-2010-3847|cve-2011-0536|cve-2011-1095|cve-2011-1089|cve-2010-0296|cve-2011-1071|cve-2010-2898|cve-2010-1917|cve-2007-4782|cve-2010-3856|cve-2010-3847|cve-2010-0830|cve-2010-0296|cve-2009-4881|cve-2008-1391|cve-2009-4880|cve-2008-1391,lua,5.1,cve-2014-5461,openssl,0.9.8h,
TPE-1620WS-1.00.21-ALL.HEX,glibc,2.8,cve-2016-1234|cve-2013-7423|cve-2013-1914|cve-2011-1659|cve-2011-1071|cve-2011-1658|cve-2010-3847|cve-2011-0536|cve-2011-1095|cve-2011-1089|cve-2010-0296|cve-2011-1071|cve-2010-2898|cve-2010-1917|cve-2007-4782|cve-2010-3856|cve-2010-3847|cve-2010-0830|cve-2010-0296|cve-2009-4881|cve-2008-1391|cve-2009-4880|cve-2008-1391,lua,5.1,cve-2014-5461,openssl,0.9.8h,
TPE-224WS-4-00-010-FW.HEX,lua,5.1,cve-2014-5461,openssl,0.9.8h,
TPE-224WS-4-00-011-FW.HEX,ip,20.8,,lua,5.1,cve-2014-5461,openssl,0.9.8h,
TPE-224WS-4-00-015-FW.HEX,lua,5.1,cve-2014-5461,openssl,0.9.8h,
TPE-224WS-4-00-019-FW.HEX,lua,5.1,cve-2014-5461,openssl,0.9.8h,
TPE-224WS-4-00-020-FW.HEX,lua,5.1,cve-2014-5461,openssl,0.9.8h,
TPE-2840WS-1-00-010-ALL.HEX,lua,5.1,cve-2014-5461,openssl,0.9.8r,cve-2017-3735|cve-2014-3566|cve-2014-3510|cve-2014-3508|cve-2014-3507|cve-2014-3506|cve-2014-3505|cve-2014-3470|cve-2014-0221|cve-2014-0195|cve-2014-0076|cve-2013-0169|cve-2013-0166|cve-2012-2333|cve-2012-2110|cve-2012-1165|cve-2006-7250|cve-2012-0884|cve-2012-0027|cve-2011-4619|cve-2011-4577|cve-2011-4576|cve-2011-4109|cve-2011-4108|cve-2011-3210|cve-2011-1473|cve-2011-5094|cve-2010-5298|cve-2006-7250
TPE-2840WS-1-10-026-ALL.HEX,lua,5.1,cve-2014-5461,openssl,0.9.8r,cve-2017-3735|cve-2014-3566|cve-2014-3510|cve-2014-3508|cve-2014-3507|cve-2014-3506|cve-2014-3505|cve-2014-3470|cve-2014-0221|cve-2014-0195|cve-2014-0076|cve-2013-0169|cve-2013-0166|cve-2012-2333|cve-2012-2110|cve-2012-1165|cve-2006-7250|cve-2012-0884|cve-2012-0027|cve-2011-4619|cve-2011-4577|cve-2011-4576|cve-2011-4109|cve-2011-4108|cve-2011-3210|cve-2011-1473|cve-2011-5094|cve-2010-5298|cve-2006-7250
TPE-2840WS-1.00.04-ALL.HEX,glibc,2.8,cve-2016-1234|cve-2013-7423|cve-2013-1914|cve-2011-1659|cve-2011-1071|cve-2011-1658|cve-2010-3847|cve-2011-0536|cve-2011-1095|cve-2011-1089|cve-2010-0296|cve-2011-1071|cve-2010-2898|cve-2010-1917|cve-2007-4782|cve-2010-3856|cve-2010-3847|cve-2010-0830|cve-2010-0296|cve-2009-4881|cve-2008-1391|cve-2009-4880|cve-2008-1391,lua,5.1,cve-2014-5461,openssl,0.9.8h,
TPE-2840WS-1.00.07-ALL.HEX,glibc,2.8,cve-2016-1234|cve-2013-7423|cve-2013-1914|cve-2011-1659|cve-2011-1071|cve-2011-1658|cve-2010-3847|cve-2011-0536|cve-2011-1095|cve-2011-1089|cve-2010-0296|cve-2011-1071|cve-2010-2898|cve-2010-1917|cve-2007-4782|cve-2010-3856|cve-2010-3847|cve-2010-0830|cve-2010-0296|cve-2009-4881|cve-2008-1391|cve-2009-4880|cve-2008-1391,lua,5.1,cve-2014-5461,openssl,0.9.8h,
TPE-2840WS-1.00.09-ALL.HEX,glibc,2.8,cve-2016-1234|cve-2013-7423|cve-2013-1914|cve-2011-1659|cve-2011-1071|cve-2011-1658|cve-2010-3847|cve-2011-0536|cve-2011-1095|cve-2011-1089|cve-2010-0296|cve-2011-1071|cve-2010-2898|cve-2010-1917|cve-2007-4782|cve-2010-3856|cve-2010-3847|cve-2010-0830|cve-2010-0296|cve-2009-4881|cve-2008-1391|cve-2009-4880|cve-2008-1391,lua,5.1,cve-2014-5461,openssl,0.9.8h,
TPE-2840WS-1.00.10-ALL.HEX,glibc,2.8,cve-2016-1234|cve-2013-7423|cve-2013-1914|cve-2011-1659|cve-2011-1071|cve-2011-1658|cve-2010-3847|cve-2011-0536|cve-2011-1095|cve-2011-1089|cve-2010-0296|cve-2011-1071|cve-2010-2898|cve-2010-1917|cve-2007-4782|cve-2010-3856|cve-2010-3847|cve-2010-0830|cve-2010-0296|cve-2009-4881|cve-2008-1391|cve-2009-4880|cve-2008-1391,lua,5.1,cve-2014-5461,openssl,0.9.8h,
TPE-4840WS-1.00.05-ALL.HEX,glibc,2.8,cve-2016-1234|cve-2013-7423|cve-2013-1914|cve-2011-1659|cve-2011-1071|cve-2011-1658|cve-2010-3847|cve-2011-0536|cve-2011-1095|cve-2011-1089|cve-2010-0296|cve-2011-1071|cve-2010-2898|cve-2010-1917|cve-2007-4782|cve-2010-3856|cve-2010-3847|cve-2010-0830|cve-2010-0296|cve-2009-4881|cve-2008-1391|cve-2009-4880|cve-2008-1391,lua,5.1,cve-2014-5461,openssl,0.9.8h,
TPE-4840WS-1.00.06-ALL.HEX,glibc,2.8,cve-2016-1234|cve-2013-7423|cve-2013-1914|cve-2011-1659|cve-2011-1071|cve-2011-1658|cve-2010-3847|cve-2011-0536|cve-2011-1095|cve-2011-1089|cve-2010-0296|cve-2011-1071|cve-2010-2898|cve-2010-1917|cve-2007-4782|cve-2010-3856|cve-2010-3847|cve-2010-0830|cve-2010-0296|cve-2009-4881|cve-2008-1391|cve-2009-4880|cve-2008-1391,lua,5.1,cve-2014-5461,openssl,0.9.8h,
TPE-4840WS-1.00.07-FW.HEX,glibc,2.8,cve-2016-1234|cve-2013-7423|cve-2013-1914|cve-2011-1659|cve-2011-1071|cve-2011-1658|cve-2010-3847|cve-2011-0536|cve-2011-1095|cve-2011-1089|cve-2010-0296|cve-2011-1071|cve-2010-2898|cve-2010-1917|cve-2007-4782|cve-2010-3856|cve-2010-3847|cve-2010-0830|cve-2010-0296|cve-2009-4881|cve-2008-1391|cve-2009-4880|cve-2008-1391,lua,5.1,cve-2014-5461,openssl,0.9.8h,
TPE-4840WS-1.00.08-ALL.HEX,glibc,2.8,cve-2016-1234|cve-2013-7423|cve-2013-1914|cve-2011-1659|cve-2011-1071|cve-2011-1658|cve-2010-3847|cve-2011-0536|cve-2011-1095|cve-2011-1089|cve-2010-0296|cve-2011-1071|cve-2010-2898|cve-2010-1917|cve-2007-4782|cve-2010-3856|cve-2010-3847|cve-2010-0830|cve-2010-0296|cve-2009-4881|cve-2008-1391|cve-2009-4880|cve-2008-1391,lua,5.1,cve-2014-5461,openssl,0.9.8h,
TPE-4840WS-1.00.09-ALL.HEX,glibc,2.8,cve-2016-1234|cve-2013-7423|cve-2013-1914|cve-2011-1659|cve-2011-1071|cve-2011-1658|cve-2010-3847|cve-2011-0536|cve-2011-1095|cve-2011-1089|cve-2010-0296|cve-2011-1071|cve-2010-2898|cve-2010-1917|cve-2007-4782|cve-2010-3856|cve-2010-3847|cve-2010-0830|cve-2010-0296|cve-2009-4881|cve-2008-1391|cve-2009-4880|cve-2008-1391,lua,5.1,cve-2014-5461,openssl,0.9.8h,
TPE-4840WS-1.00.10-ALL.HEX,glibc,2.8,cve-2016-1234|cve-2013-7423|cve-2013-1914|cve-2011-1659|cve-2011-1071|cve-2011-1658|cve-2010-3847|cve-2011-0536|cve-2011-1095|cve-2011-1089|cve-2010-0296|cve-2011-1071|cve-2010-2898|cve-2010-1917|cve-2007-4782|cve-2010-3856|cve-2010-3847|cve-2010-0830|cve-2010-0296|cve-2009-4881|cve-2008-1391|cve-2009-4880|cve-2008-1391,lua,5.1,cve-2014-5461,openssl,0.9.8h,
TPE-5028WS-1-00-010-ALL.HEX,lua,5.1,cve-2014-5461,openssl,0.9.8r,cve-2017-3735|cve-2014-3566|cve-2014-3510|cve-2014-3508|cve-2014-3507|cve-2014-3506|cve-2014-3505|cve-2014-3470|cve-2014-0221|cve-2014-0195|cve-2014-0076|cve-2013-0169|cve-2013-0166|cve-2012-2333|cve-2012-2110|cve-2012-1165|cve-2006-7250|cve-2012-0884|cve-2012-0027|cve-2011-4619|cve-2011-4577|cve-2011-4576|cve-2011-4109|cve-2011-4108|cve-2011-3210|cve-2011-1473|cve-2011-5094|cve-2010-5298|cve-2006-7250
TPE-5048WS-1-00-010-ALL.HEX,lua,5.1,cve-2014-5461,openssl,0.9.8r,cve-2017-3735|cve-2014-3566|cve-2014-3510|cve-2014-3508|cve-2014-3507|cve-2014-3506|cve-2014-3505|cve-2014-3470|cve-2014-0221|cve-2014-0195|cve-2014-0076|cve-2013-0169|cve-2013-0166|cve-2012-2333|cve-2012-2110|cve-2012-1165|cve-2006-7250|cve-2012-0884|cve-2012-0027|cve-2011-4619|cve-2011-4577|cve-2011-4576|cve-2011-4109|cve-2011-4108|cve-2011-3210|cve-2011-1473|cve-2011-5094|cve-2010-5298|cve-2006-7250
TPE-5240WS-1-00-010-ALL.HEX,lua,5.1,cve-2014-5461,openssl,0.9.8r,cve-2017-3735|cve-2014-3566|cve-2014-3510|cve-2014-3508|cve-2014-3507|cve-2014-3506|cve-2014-3505|cve-2014-3470|cve-2014-0221|cve-2014-0195|cve-2014-0076|cve-2013-0169|cve-2013-0166|cve-2012-2333|cve-2012-2110|cve-2012-1165|cve-2006-7250|cve-2012-0884|cve-2012-0027|cve-2011-4619|cve-2011-4577|cve-2011-4576|cve-2011-4109|cve-2011-4108|cve-2011-3210|cve-2011-1473|cve-2011-5094|cve-2010-5298|cve-2006-7250
TPE-5240WS-1-00-011-ALL.HEX-0,lua,5.1,cve-2014-5461,openssl,0.9.8r,cve-2017-3735|cve-2014-3566|cve-2014-3510|cve-2014-3508|cve-2014-3507|cve-2014-3506|cve-2014-3505|cve-2014-3470|cve-2014-0221|cve-2014-0195|cve-2014-0076|cve-2013-0169|cve-2013-0166|cve-2012-2333|cve-2012-2110|cve-2012-1165|cve-2006-7250|cve-2012-0884|cve-2012-0027|cve-2011-4619|cve-2011-4577|cve-2011-4576|cve-2011-4109|cve-2011-4108|cve-2011-3210|cve-2011-1473|cve-2011-5094|cve-2010-5298|cve-2006-7250
TPE-5240WS-1-00-011-ALL.HEX,lua,5.1,cve-2014-5461,openssl,0.9.8r,cve-2017-3735|cve-2014-3566|cve-2014-3510|cve-2014-3508|cve-2014-3507|cve-2014-3506|cve-2014-3505|cve-2014-3470|cve-2014-0221|cve-2014-0195|cve-2014-0076|cve-2013-0169|cve-2013-0166|cve-2012-2333|cve-2012-2110|cve-2012-1165|cve-2006-7250|cve-2012-0884|cve-2012-0027|cve-2011-4619|cve-2011-4577|cve-2011-4576|cve-2011-4109|cve-2011-4108|cve-2011-3210|cve-2011-1473|cve-2011-5094|cve-2010-5298|cve-2006-7250
TRENDNET-2-10-010-FW.HEX-0,lua,5.1,cve-2014-5461,openssl,0.9.8r,cve-2017-3735|cve-2014-3566|cve-2014-3510|cve-2014-3508|cve-2014-3507|cve-2014-3506|cve-2014-3505|cve-2014-3470|cve-2014-0221|cve-2014-0195|cve-2014-0076|cve-2013-0169|cve-2013-0166|cve-2012-2333|cve-2012-2110|cve-2012-1165|cve-2006-7250|cve-2012-0884|cve-2012-0027|cve-2011-4619|cve-2011-4577|cve-2011-4576|cve-2011-4109|cve-2011-4108|cve-2011-3210|cve-2011-1473|cve-2011-5094|cve-2010-5298|cve-2006-7250
TRENDNET-2-10-010-FW.HEX,lua,5.1,cve-2014-5461,openssl,0.9.8r,cve-2017-3735|cve-2014-3566|cve-2014-3510|cve-2014-3508|cve-2014-3507|cve-2014-3506|cve-2014-3505|cve-2014-3470|cve-2014-0221|cve-2014-0195|cve-2014-0076|cve-2013-0169|cve-2013-0166|cve-2012-2333|cve-2012-2110|cve-2012-1165|cve-2006-7250|cve-2012-0884|cve-2012-0027|cve-2011-4619|cve-2011-4577|cve-2011-4576|cve-2011-4109|cve-2011-4108|cve-2011-3210|cve-2011-1473|cve-2011-5094|cve-2010-5298|cve-2006-7250
