NC220_1.2.0_Build_170516_Rel.B4AC0D_2017-05-16_16.00.32.bin,2017-05-16
NC220_1.3.0_Build_180105_Rel.EA0CD2.bin,2018-01-05
NC230_1.2.1_Build_170515_Rel.9A7F66_2017-05-15_16.03.14.bin,2017-05-15
NC250_1.0.10_Build_160321_Rel.27531.bin,2016-03-21
NC250_1.2.1_Build_170515_Rel.9A7F66_2017-05-15_15.27.04.bin,2017-05-15
NC450_1.2.4_Build_170322_Rel.85B2CB.bin,2017-03-22
NC450_1.3.3_Build_170906_Rel.F31B04.bin,2017-09-06
NC450_1.3.4_Build_171130_Rel.ECC739.bin,2017-11-30
NC230_1.0.3_Build_160108_Rel.26086.bin,2016-01-08
NC250_1.0.8_Build_160108_Rel.26086.bin,2016-01-08
