digicap.dav,2017-04-26
Firmware_TV-IP344PI_345PI(1.2.8).bin,2017-08-18
FW_TV-IP262PI_1.1.1_20130516_r4121.pck,2013-05-17
update_TV-IP672PI_TV-IP672WI_1.0.0_1418.bin,2012-05-03
update_TV-IP522P_1.0.1_4612.bin,2010-08-20
1137_digicap.dav,2015-08-12
update_TV-IP612P_1.0.0_4725.bin,2010-10-01
FW_TV-IP572P_TV-IP572W_1.1.0_2728.bin,2013-05-28
FW_TV-IP572P_TV-IP572W(1.1.1).bin,2013-08-15
update_TV-IP743SIC_1.0.0_4130.bin,2014-07-30
1138_digicap.dav,2016-08-06
FW_TV-IP572PI_TV-IP572WI_1.1.2.bin,2014-04-03
FW_TV-IP310PI-5.1.8-150311.dav,2015-03-11
1139_digicap.dav,2017-08-03
FW_TV-IP262P_1.0.3-28_20131219_r4288.pck,2014-01-17
1140_digicap.dav,2018-05-04
FW_TV-IP422W_1.1.1-97_20130321_r1252.pck,2013-03-27
FW_TV-IP551W_V1(1.07.01).bin,2015-10-08
FW_TV-IP551WI_V1(1.07.01).bin,2015-10-08
update_TV-IP512P_TV-IP512WN_1.0.3_5514.bin,2011-06-17
FW_TV-IP512P_TV-IP512WN(1.0.1.3217).bin,2009-07-17
tvip651wi_v102_02.bin,2012-04-27
FW_TV-IP252P_1.1.2_20130517_r1278.pck,2013-05-17
1141_digicap.dav,2019-02-23
FW_TV-IP562WI_1.0.3_4919.bin,2015-03-28
tvip551w_v106_08.bin,2014-03-11
FW_TV-IP862IC_1.0.2_4919.bin,2015-03-27
FW_TV-IP672P_TV-IP672W(v.1.1.0).bin,2013-06-21
FW_TV-IP672PI_TV-IP672WI(v.1.1.0).bin,2013-06-21
1142_digicap.dav,2018-04-12
TV-IP302PI_V1.02.32_20130711.bin,2013-07-16
update_TV-IP522P_1.0.1_4904.bin,2010-11-15
FW_TV-IP322P_1.0.4-26_20140409_r4308.pck,2014-04-10
tvip651w_v104_01.bin,2012-11-28
1143_digicap.dav,2019-04-10
tvip851wic_v102_10.bin,2014-04-01
1144_digicap.dav,2017-03-04
tvip551w_v104_01.bin,2012-11-28
FW_TV-IP312_1.1.1-59_20120204_r1134.pck,2012-02-06
FW_TV-IP422_1.1.1-71_20120203_r1122.pck,2012-02-03
tvip751wc_v102_10.bin,2014-03-31
FW_TV-IP110_1.1.2-73_20130521_r1283.pck,2013-06-06
FW_TV-IP312_1.1.0-53_20110217_r978.pck,2011-02-18
tvip751wc_v100_01.bin,2012-09-07
FW_TV-IP422WN_1.1.1-26_20120203_r1123.pck,2012-02-03
tvip751wic_v102_10.bin,2014-04-01
FW_TV-IP312W_1.1.1-74_20120204_r1131.pck,2012-02-06
1001_tvip751wc_v102_10.bin,2014-04-01
tvip751wic_v1.03.03.bin,2015-10-13
FW_TV-IP851WIC(v1.01.01)_040913.bin,2013-03-28
1145_digicap.dav,2016-09-23
FW_TV-IP311PI-5.0.0.dav,2014-01-20
FW_TV-IP310PI-5.0.0.dav,2014-01-20
FW_TV-IP311PI-5.1.8-150311.dav,2015-03-11
1146_digicap.dav,2016-09-30
FW_TV-IP321PI_5.1.6.dav,2014-08-01
1147_digicap.dav,2018-04-19
1001_tvip751wc_v100_01.bin,2012-12-05
tvip551wi_v1.07.01.bin,2015-10-08
1001_FW_TV-IP310PI-5.1.8-150311.dav,2015-03-11
1148_digicap.dav,2016-09-15
FW_TV-IP751WIC(v1.01.01)_032813.bin,2013-03-28
FW_TV-IP110WN_1.1.1-24_20130325_r1252.pck,2013-04-08
FW_TV-IP121WN_1.1.1-18_20120131_r1104.pck,2012-01-31
FW_TV-IP262P_1.0.4-30_20140409_r4308.pck,2014-04-11
FW_V1.2.24_20180316_103523.bin,2018-03-20
FW_TV-IP322WI_5.1.7_150811.dav,2015-08-12
FW_TV-IP851WIC_v1.03.03.bin,2015-10-13
FW_TV-IP310PI-5.0.1.dav,2014-03-03
FW_TV-IP301_301W_1.23-66_20080930.bin,2008-10-02
update_TV-IP572PI_TV-IP572WI_1.0.0_1412.bin,2012-04-24
FW_TV-IP301_1.22-64.bin,2008-01-23
FW_TV-IP762IC_1.0.2_4919.bin,2015-03-26
FW_TV-IP262P_1.0.1-25_20130305_r3967.pck,2013-03-11
1149_digicap.dav,2018-10-27
update_TV-IP522P_1.0.3_7923.bin,2013-05-28
FW_TV-IP762IC_1.0.1_4311.bin,2014-09-30
1150_digicap.dav,2018-01-18
FW_TV-IP651W(v1.05.04)_040913.bin,2013-03-28
FW_TV-IP311PI-5.1.6.dav,2014-06-19
FW_TV-IP212_1.0.0-73_20090514.pck,2009-05-15
update_TV-IP612P_1.0.2_7916.bin,2013-05-20
FW_TV-IP121CWN_1.2.1-20_20111220_r558.pck,2011-12-20
1151_digicap.dav,2017-03-29
FW_TV-IP262P_1.0.1-21_20120516_r3832.pck,2012-05-17
1152_digicap.dav,2017-04-22
FW_TV-IP410WN_1.1.1-20_20120202_r1109.pck,2012-02-02
FW_TV-IP121W-F_1.1.1-5_20130325_r1252.pck,2013-04-25
FW_TV-IP672PI_TV-IP672WI_1.1.2_3725.bin,2014-04-11
1153_digicap.dav,2019-04-10
FW_TV-IP320PI_5.1.6.dav,2014-08-01
FW_TV-IP212W_1.1.1-51_20130322_r1252.pck,2013-04-17
FW_TV-IP662PI_TV-IP662WI_1.0.4_5330.bin,2015-08-15
update_TV-IP672P_TV-IP672W_1.0.0_1418.bin,2012-05-03
update_TV-IP522P_1.0.2_5526.bin,2011-05-30
TV-IP342PI_V1.03.38_20140820_103110.bin,2014-09-02
tvip551wi_v104_01.bin,2012-11-28
FW_TV-IP851WC(v1.01.01)_040913.bin,2013-03-28
1154_digicap.dav,2016-03-03
FW_TV-IP342PI_343PI(1.03.49).bin,2016-08-05
Trendnet__V1.03.34_20140707_131833.bin,2014-07-07
FW_TV-IP121WN_1.1.1-20_20130325_r1252.pck,2013-04-15
update_TV-IP672PI_TV-IP672WI_1.0.2_2709.bin,2013-05-10
tvip651w_v102_01.bin,2012-04-23
FW_TV-IP410W_1.1.2-56_20130924_r1287.pck,2013-10-02
tvip851wc_v100_01.bin,2012-11-23
1155_digicap.dav,2016-08-06
FW_TV-IP212_1.1.1-79_20120206_r1139.pck,2012-02-07
update_TV-IP572PI_TV-IP572WI_1.1.3_5607.bin,2015-10-17
FW_TV-IP262PI_1.1.0-12_20120820_r3891.pck,2012-09-18
FW_TV-IP551W(v1.05.04)_032813.bin,2013-03-28
FW_TV-IP312_1.1.0-56_20110324_r1003.pck,2011-03-25
FW_TV-IP312WN_1.1.1-34_20130322_r1252.pck,2013-04-03
1156_digicap.dav,2016-06-23
update_TV-IP612P_612WN_1.0.0_4702.bin,2010-09-08
FW_TV-IP422W_1.1.0-89_20110212_r976.pck,2011-02-15
1157_digicap.dav,2019-03-06
FW_TV-IP311PI-5.0.1.dav,2014-03-03
FW_TV-IP572PI_TV-IP572WI_v1.1.0_2728.bin,2013-05-28
1001_FW_TV-IP311PI-5.1.8-150311.dav,2015-03-11
FW_TV-IP121W_1.1.1-36_20130325_r1252.pck,2013-04-25
FW_TV-IP751WIC_v1.03.03.bin,2015-10-13
tvip751wic_v100_01.bin,2012-09-07
FW_TV-IP212_1.1.0-76_20100224_r175.pck,2010-03-02
FW_TV-IP110WN_V1_1.1.1-22_20120131_r1102.pck,2012-01-31
tvip651wi_v106_08.bin,2014-03-11
FW_TV-IP110_1.1.1-72_20130325_r1252.pck,2013-04-23
FW_TV-IP651WI(v.1.05.04)_040913.bin,2013-03-28
FW_V1.03.54_20171211_133921.bin,2017-12-12
1158_digicap.dav,2017-11-14
tvip651w_v103_01.bin,2012-08-16
FW_TV-IP342PI_V1.03.38_20140820_103110.bin,2014-09-02
FW_TV-IP572PI_TV-IP572WI_1.0.1.1928.bin,2012-11-09
tvip851wc_v102_10.bin,2014-04-01
tvip551wi_v102_02.bin,2012-04-27
tvip651wi_v104_01.bin,2012-11-28
FW_TV-IP110-F_1.1.2-4_20120203_r1120.pck,2012-02-06
FW_TV-IP651WI_v1.07.01.bin,2015-10-08
update_TV-IP602_TV-IP602WN_1.0.1_5412.bin,2011-05-12
FW_TV-IP310PI-5.1.8.dav,2014-12-03
FW_TV-IP201P(v2.00.113).bin,2009-02-11
update_TV-IP612P_1.0.1_5613.bin,2011-06-17
tvip551w_1.07.01.bin,2015-10-08
FW_TV-IP110_1.1.1-71_20120203_r1119.pck,2012-02-03
FW_TV-IP121CWN_1.2.1-17_20110722_r394.pck,2011-07-26
FW_TV-IP201_W(v2.00-110).bin,2009-02-11
tvip551wi_v106_08.bin,2014-03-11
FW_TV-IP342PI_TV-IP343PI_(V1.03.44)_20151109_155653.bin,2015-12-11
FW_TV-IP862IC_1.0.3_5330.bin,2015-08-15
1159_digicap.dav,2019-06-19
tvip651w_v1.07.01.bin,2015-10-08
1160_digicap.dav,2018-01-27
TV-IP344PI_345PI_8139_V1.1.4_20160925_144823.bin,2016-09-28
FW_TV-IP572PI_TV-IP572WI(11.1.1).bin,2013-08-15
1161_digicap.dav,2018-04-14
1162_digicap.dav,2017-09-09
FW_TV-IP312WN_1.1.1-33_20120206_r1135.pck,2012-02-06
FW_TV-IP322P_1.0.1-14_20120203_r3758.pck,2012-02-06
FW_TV-IP322P_1.0.1-21_20130305_r3967.pck,2013-03-11
1163_digicap.dav,2017-03-08
firmware.bin,2017-08-03
FW_TV-IP212W_1.1.1.49.pck,2012-02-07
FW_TV-IP342PI_343PI(1.03.48).bin,2016-06-08
tvip851wc_v1.03.03.bin,2015-10-13
update_TV-IP522P_1.0.0_4002.bin,2010-02-04
tvip551w_v103_01.bin,2012-08-16
update_TV-IP572PI_TV-IP572WI_1.0.2_2709.bin,2013-05-09
FW_TV-IP572P_TV-IP572W(1.0.1_1928).bin,2012-11-09
FW_TV-IP410WN_1.1.1-21_20130326_r1252.pck,2013-04-17
update_TV-IP512P_TV-IP512WN_1.0.2_3411.bin,2009-09-28
FW_TV-IP410WN_1.1.2-22_20130924_r1287.pck,2013-10-02
FW_TV-IP262P_1.0.1-22_20120608_r3850.pck,2012-06-08
FW_TV-IP212_1.1.1-78.pck,2012-02-07
FW_TV-IP262PI_1.1.2-18_20131219_r4288.pck,2014-01-17
FW_TV-IP110CWN_1.2.2-64_20120201_r571.pck,2012-02-02
1164_digicap.dav,2017-04-14
FW_TV-IP110-F_1.1.2-5_20130325_r1252.pck,2013-04-24
FW_TV-IP662PI_TV-IP662WI_(1.0.2_4304).bin,2014-10-15
FW_TV-IP302PI_V1.02.38_20160202.bin,2016-02-03
tvip651wi_v1.07.01.bin,2015-10-08
1165_digicap.dav,2018-05-18
update_TV-IP572P_TV-IP572W_1.1.3_5607.bin,2015-10-17
FW_TV-IP562WI_1.0.4_5330.bin,2015-08-13
FW_TV-IP212W_1.0.0-37_20081215.pck,2008-12-18
TV-IP320PI__V5.1.7(141111).dav,2014-11-12
update_TV-IP743SIC_1.0.1_4219.bin,2014-08-19
1001_tvip751wic_v100_01.bin,2012-12-05
FW_TV-IP110W_1.1.1-106_20130325_r1252.pck,2013-04-24
FW_TV-IP672PI_TV-IP672WI(1.1.1).bin,2013-08-21
FW_TV-IP422W_1.1.1-98.pck,2015-01-22
TV-IP302PI_V1.02.34_20131216.bin,2013-12-16
1166_digicap.dav,2016-03-03
FW_TV-IP262PI_1.1.0-15_20130305_r3967.pck,2013-03-11
1167_digicap.dav,2015-06-09
FW_TV-IP310PI-5.1.7.dav,2014-07-04
tvip551w_v101_01.bin,2012-03-16
FW_TV-IP672P_TV-IP672W(1.1.1).bin,2013-08-21
FW_TV-IP410W_1.1.1-54_20120203_r1124.pck,2012-02-06
FW_TV-IP252P_1.1.3-83_20131219_r1292.pck,2014-01-17
update_TV-IP743SIC_1.0.3_5330.bin,2015-09-01
FW_TV-IP422W_1.1.1-95_20120203_r1126.pck,2012-02-06
344_345_8139_V1.2.10_20170901.bin,2017-09-06
update_TV-IP745SIC_1.0.0_4312.bin,2014-09-15
TV-IP662PI_TV-IP662WI_1.0.1_3523.bin,2014-01-28
FW_TV-IP572P_TV-IP572W_1.1.2.bin,2014-04-08
1168_digicap.dav,2017-04-11
FW_TV-IP311PI-5.1.7.dav,2014-07-04
tvip851wic_v1.03.03.bin,2015-10-13
1169_digicap.dav,2016-06-23
tvip551w_v102_02.bin,2012-04-27
FW__V1.03.41_20150106_085628.bin,2015-01-07
FW_TV-IP745SIC_1.0.3_5330.bin,2015-10-24
FW_TV-IP121CWN_1.2.2-23_20120207_r574.pck,2012-02-07
1170_digicap.dav,2017-04-14
FW_TV-IP110CWN_1.2.2-68_20130325_r1014.pck,2013-04-08
FW_TV-IP312W_1.1.1-75_20130322_r1252.pck,2013-04-03
1171_digicap.dav,2016-03-03
FW_TV-IP762IC_V1(V1.0.0.3216).bin,2013-10-16
FW_TV-IP110CWN_1.2.2-65_20120223_r577.pck,2012-02-27
1172_digicap.dav,2016-08-06
1173_digicap.dav,2016-03-03
FW_TV-IP551WI(v105_04)_032813.bin,2013-03-28
FW_TV-IP121CWN_1.2.2-24_20120223_r577.pck,2012-02-27
FW_TV-IP212W_1.0.0-46_20090512.pck,2009-05-15
FW_TV-IP312W_1.1.0-67_20110217_r978.pck,2011-02-18
1174_digicap.dav,2016-05-25
TV-IP344PI_345PI (1.2.25).bin,2018-04-17
FW_TV-IP422_1.1.0-67_20110216_r978.pck,2011-02-18
FW_TV-IP121CWN_1.2.2-26_20120420_r601.pck,2012-04-26
1175_digicap.dav,2014-05-23
FW_TV-IP862IC_1.0.1_4311.bin,2014-10-15
FW_TV-IP430PI_5.2.5_150427.dav,2015-04-27
1176_digicap.dav,2018-04-19
FW_TV-IP612P_TV-IP612WN_1.0.4_8705.bin,2015-01-06
FW_TV-IP410_1.1.1-50_20120201_r1108.pck,2012-02-01
FW_TV-IP311PI-5.1.8.dav,2014-12-03
tvip651w_v102_02.bin,2012-04-27
FW_TV-IP662PI_TV-IP662WI_1.0.3_4919.bin,2015-03-27
tvip651w_v106_08.bin,2014-03-11
update_TV-IP672PI_TV-IP672WI_1.1.3_5607.bin,2015-10-22
FW_TV-IP252P_1.1.1-73_20120202_r1118.pck,2012-02-02
FW_TV-IP851WC_v1.03.03.bin,2015-10-13
FW_TV-IP422WN_v1_1.1.1-28_20130321_r1252.pck,2013-03-27
FW_TV-IP121W-F_1.1.1-4_20120203_r1123.pck,2012-02-03
FW_TV-IP751WC_v1.03.03.bin,2015-10-13
FW_TV-IP422_1.1.1-73_20130321_r1252.pck,2013-04-12
FW_TV-IP110W_1.1.1-105_20120119_r1094.pck,2012-01-19
FW_TV-IP212_1.0.0-64_20081216.pck,2008-12-17
FW_TV-IP121CWN_1.2.2-28_20130326_r1014.pck,2013-04-02
FW_TV-IP862IC(1.0.0).bin,2013-10-16
FW_TV-IP562WI_1.0.2_4304.bin,2014-10-07
FW_TV-IP312PI_5.1.8_150311.dav,2015-03-12
tvip651w_v101_01.bin,2012-03-16
1177_digicap.dav,2016-12-14
FW_TV-IP410_1.1.2-52_20130924_r1287.pck,2013-10-02
FW_TV-IP212W_1.1.0-48_20100223_r173.pck,2010-03-02
FW_TV-IP252P_1.1.1-80_20130226_r1252.pck,2013-02-27
FW_TV-IP121W_1.1.1-35_20120201_r1106.pck,2012-02-02
FW_TV-IP651W_v1.07.01.bin,2015-10-08
update_TV-IP602_TV-IP602WN_1.0.2_7816.bin,2013-05-20
FW_TV-IP672P_TV-IP672W_1.1.2_3725.bin,2014-04-11
update_TV-IP672P_TV-IP672W_1.1.3_5607.bin,2015-10-17
update_TV-IP512P_TV-IP512WN_1.0.4_7816.bin,2013-05-20
tvip751wc_v1.03.03.bin,2015-10-13
FW_344345_V1.2.2_20170207.bin,2017-02-11
FW_TV-IP301_2.00-68_20081222.bin,2009-02-11
1001_update_TV-IP512P_TV-IP512WN_1.0.3_5514.bin,2011-06-17
1178_digicap.dav,2017-04-26
FW_TV-IP612P_612WN_1.0.0_4702.bin,2010-09-08
1179_digicap.dav,2017-08-10
FW_TV-IP522P_1.0.0_4112.bin,2010-05-17
tvip651wi_v103_01.bin,2012-08-16
1180_digicap.dav,2017-11-30
FW_TV-IP512P_TV-IP512WN_1.0.0_2913.bin,2009-04-14
tvip851wic_v100_01.bin,2012-11-23
update_TV-IP522P_1.0.2_6005.bin,2011-10-07
1181_digicap.dav,2017-08-03
update_TV-IP572P_TV-IP572W_1.0.2_2709.bin,2013-05-09
1182_digicap.dav,2017-04-28
tvip551wi_v103_01.bin,2012-08-16
FW_TV-IP751WC(v1.01.01)_032813.bin,2013-03-28
FW_TV-IP262P_1.0.2_20130516_r4121.pck,2013-05-17
FW_TV-IP321PI_5.1.7.dav,2014-10-29
FW_TV-IP212_1.1.1-80_20130322_r1252.pck,2013-04-17
FW_TV-IP110CWN_1.2.2-66_20120302_r578.pck,2012-11-06
1183_digicap.dav,2017-08-31
update_TV-IP572P_TV-IP572W_1.0.0_1412.bin,2012-04-24
1001_tvip751wic_v102_10.bin,2014-03-31
tvip651wi_v101_01.bin,2012-03-16
1184_digicap.dav,2017-12-23
1185_digicap.dav,2014-05-23
FW_TV-IP301_1.20-58_20070727.bin,2007-08-03
FW_TV-IP212W_1.1.1-50_20120206_r1139.pck,2012-02-07
1186_digicap.dav,2018-01-20
FW_TV-IP322P_1.0.3-24_20131219_r4288.pck,2014-01-08
FW_TV-IP110W-F_1.1.1-8_20120203_r1123.pck,2012-02-06
1187_digicap.dav,2018-02-13
FW_TV-IP422WN_1.1.1-29.pck,2015-01-22
FW_TV-IP320PI_5.1.7.dav,2014-10-29
FW_TV-IP262PI_1.1.3-21_20140409_r4308.pck,2014-04-11
FW_TV-IP762IC_1.0.3_5330.bin,2015-08-04
update_TV-IP672P_TV-IP672W_1.0.2_2709.bin,2013-05-10
FW_TV-IP322P_1.0.2_20130510_r4121.pck,2013-05-10
tvip651wi_v102_01.bin,2012-04-23
FW_TV-IP410W_1.1.1-55_20130326_r1252.pck,2013-04-17
FW_TV-IP310PI-5.1.6.dav,2014-06-19
1188_digicap.dav,2017-11-18
1189_digicap.dav,2016-06-23
tvip551wi_v101_01.bin,2012-03-16
FW_TV-IP410_1.1.1-51_20130326_r1252.pck,2013-04-17
FW_TV-IP312_1.1.1-60_20130322_r1252.pck,2013-04-04
1001_FW_TV-IP672P_TV-IP672W(1.1.1).bin,2013-08-21
1190_digicap.dav,2018-06-22
