DIR100A1_FW114CNB01.bix,2013-10-17
DIR100A1_FW114EUB01.bix,2013-10-17
DIR100A1_FW114FRB01.bix,2013-10-17
DIR100A1_FW114GEB01.bix,2013-10-17
DIR100A1_FW114KRB01.bix,2013-10-17
DIR100A1_FW114TWB01.bix,2013-10-17
DIR100A1_FW114WWB01.bix,2013-10-17
DIR100A1_FW114CNB02.bix,2013-12-02
DIR100A1_FW114EUB02.bix,2013-12-02
DIR100A1_FW114FRB02.bix,2013-12-02
DIR100A1_FW114GEB02.bix,2013-12-02
DIR100A1_FW114KRB02.bix,2013-12-02
DIR100A1_FW114TWB02.bix,2013-12-02
DIR100A1_FW114WWB02.bix,2013-12-02
DIR120A1_FW105RUB01.bix,2013-10-17
DIR120A1_FW105WWB01.bix,2013-10-17
DIR120A1_FW105RUB02.bix,2013-12-02
DIR120A1_FW105WWB02.bix,2013-12-02
DIR1360A1_FW102B03.bin,2019-09-05
DIR1960A1_FW102B01.bin,2019-09-04
DIR2680Ax_FW100B26.bin,2020-02-01
DIR2680Ax_FW102B02.bin,2019-02-12
DIR2680Ax_FW103B01.bin,2019-03-16
DIR300A1_FW106WWb05.bin,2013-12-04
3001_DIR300A1_FW106WWb05.bin,2018-06-08
dir300b_v2.06_f4la.bin,2015-04-24
DIR300B5_FW214WWB04.bin,2018-06-08
DIR3060A1_FW101B07.bin,2019-09-04
dir505_fw_101.bin,2012-04-10
dir505_fw_102.bin,2012-05-10
dir505_fw_103.bin,2012-07-11
dir505_fw_105.bin,2012-10-26
dir505_fw_106.bin,2013-01-24
FW v1.07_v1.07b09.bin,2013-09-06
DIR505A1_FW108B10.bin,2014-05-17
8D17A3AB2BFABB3_DIR505A1_FW109B02.bin,2014-07-31
DIR-505_A1_FW110B02.bin,2014-12-30
dir505L_fw_101.bin,2012-10-26
DIR505L_REVA1_FW103B07.bin,2014-11-03
FW v2.13_v2.13b01.bin,2013-02-07
DIR-506L_Reva_v2.15b02.bin,2017-07-11
DIR510LA1_FW102b04.bin,2014-01-29
DIR-510L_A1_FIRMWARE_1.03.B03.bin,2014-04-11
DIR510LA1_FW104b01.bin,2014-06-26
DIR-510L_REVA1_FW105b10.bin,2015-04-13
DIR-510L_A1_FW106b02.bin,2015-08-12
DIR-510LAx_FW1.07b02.bin,2017-07-11
dir601_firmware_101NA.bin,2010-01-29
dir601_FW_102NA.bin,2010-12-29
DIR-601_REVA1_FW_v1.04b02.bin,2013-11-08
dir601_revB_FW_201.bin,2012-11-16
DIR-601_B1_FW_202Beta01B01.bin,2018-06-08
DIR601B1_FW202NAb01.bin,2018-07-14
dir605L_FW_113.bin,2012-06-12
FW1.14_V1.14.bin,2013-03-20
DIR-605L_A1_FW116WWb03.bin,2016-01-04
DIR605LA1_FW115CNB01.bin,2015-05-11
DIR605LA1_FW116WWb01_f58g.bin,2015-05-11
DIR605LA1_FW117WWb01_20160524_beta01.bin,2017-11-13
DIR605LB1_FW203UIb08.bin,2014-02-21
DIR605LB1_FW204UIb01.bin,2014-02-18
DIR605LB_FW205UIb04.bin,2014-08-15
DIR-605L_REVB_FIRMWARE_206b01.bin,2015-10-16
DIR605LBx_FW208WWb02.bin,2015-05-08
DIR605LB2_FW210WWB01_20160524_beta01.bin,2017-11-13
DIR605LBx_FW208UIb01.bin,2017-03-02
DIR-605LBx_FW209UIb02.bin,2017-10-03
dir615_firmware_100.bin,2007-03-15
dir615_firmware_110.bin,2007-07-30
dir615_revB2_BETA_224B00_firmware.bin,2008-01-08
dir615_revB_firmware_221.bin,2007-09-14
dir615_revB_firmware_223.bin,2007-11-15
dir615_revB_firmware_224.bin,2007-12-20
dir615_revB_firmware_225.bin,2008-06-11
dir615_revC_firmware_300.bin,2008-08-28
dir615_revC_firmware_301.bin,2008-09-10
dir615_revC_firmware_310.bin,2009-04-17
dir615_revC_firmware_311NA.bin,2009-06-23
DIR615C1_FW312NA.bin,2010-03-01
DIR615C1_FW313NAB09.bin,2010-09-14
DIR615D_FW414WWb04.bin,2013-10-29
DIR615E4_FW513B02.bin,2018-03-20
DIR615E1_FW500NA.bin,2009-12-01
DIR615E1_FW501NAB04_FW501NAB04.bin,2011-03-30
dir615_revE_FW_510NA.bin,2010-09-27
DIR615E4_FW511B34.bin,2011-04-23
DIR615Fx_FW607WWB01.bin,2015-05-12
DIR615Hx_FW805B06.bin,2013-08-28
DIR615_revI_Firmware_9.03NAb01.bin,2013-06-24
DIR-615J1_FW1002B01.bin,2015-05-12
DIR619LAx_FW115WWb01.bin,2015-05-08
DIR619LAx_FW116CNb01.bin,2015-05-08
DIR-619L_B1_FW206WWb01_f58h.bin,2015-05-11
DIR-619L_v2.04B04.bin,2018-04-14
dir626L_fw_102.bin,2013-02-12
dir626L_fw_103.bin,2013-06-07
DIR-626L_REVA_FIRMWARE_1.04.B04_BETA04.bin,2014-03-13
DIR626LA1_FW104B05.bin,2015-03-03
DIR626LA1_FW105B01.bin,2015-03-09
DIR626LA1_FW106B01.bin,2018-06-09
DIR-629_REVA1_FW103b01CN.bin,2015-04-24
dir635_firmware_104.bin,2006-06-05
dir635_firmware_105.bin,2006-06-15
dir635_firmware_106.bin,2006-07-13
dir635_firmware_107.bin,2006-08-24
DIR635_firmware_108.bin,2006-10-19
dir635_firmware_109.bin,2006-11-29
dir636l_FW100.bin,2012-05-04
dir636l_FW101.bin,2012-06-04
dir636l_FW102.bin,2012-11-15
dir636l_FW103.bin,2013-02-11
dir636l_FW104.bin,2013-04-29
DIR-636L_REVA_FIRMWARE_1.05.B07_BETA01.bin,2014-03-13
DIR636LA1_FW105B09.bin,2015-03-09
DIR636LA1_FW106B01.bin,2017-07-07
DIR-640LAx_FW102b02.bin,2013-10-18
DIR645A1_FW102B08.bin,2011-12-01
DIR645A1_FW101B06.bin,2011-07-08
3001_DIR645A1_FW102B08.bin,2011-12-01
dir645_FW_103.bin,2013-02-26
DIR-645_REVA_FIRMWARE_1.04.B05.bin,2014-09-02
DIR645_FW_v1.04b10.bin,2013-06-12
DIR645A1_FW104B11.bin,2013-06-14
DIR-645_REVA_FIRMWARE_1.04.B12(0520184121)(0521100604).bin,2014-09-03
DIR-645_REVA1_FIRMWARE_104.B13.bin,2015-04-06
3001_DIR-645_REVA1_FIRMWARE_104.B13.bin,2015-04-06
DIR-645_REVA1_FW105B01.bin,2015-04-24
DIR645A1_FW106B01_beta02.bin,2017-11-15
DIR645A1_FW105B01.bin,2017-07-07
DIR652B1_FW200B40.bin,2013-04-22
dir657_firmware_102b07_BETA.bin,2013-04-19
DIR657A1_FW100B07.bin,2011-04-21
DIR657A1_FW101B15.bin,2012-01-18
3001_dir657_firmware_102b07_BETA.bin,2013-04-19
DIR808LA1_FW103B01.bin,2013-11-22
DIR-808L_REVA_FIRMWARE_1.03B05.bin,2013-12-19
DIR808LA1_FW104B01.bin,2015-03-05
3001_DIR808LA1_FW104B01.bin,2015-03-06
DIR-809A1_FW105WWB01.bin,2015-05-15
dir810L_firmware_101b04.bin,2013-04-30
DIR810LA1_FW102B22.bin,2014-07-10
DIR810LA1_FW103B01.bin,2015-03-05
DIR810LB1_FW200B07.bin,2014-04-01
DIR810LB1_FW201B03.bin,2014-06-24
8D1B12DBD954D17_DIR810LB1_FW202B01.bin,2014-10-15
DIR810LB1_FW203B02.bin,2014-12-17
DIR810LB1_FW204B01.bin,2015-03-05
DIR-813_RevB1_FW_207B03_WW.bin,2015-09-08
DIR-813_B1_FW208WWB02.bin,2015-12-01
DIR-813_B1_FW209WWB08.bin,2017-07-07
DIR815B1_FW203b02.bin,2013-04-10
DIR817LW_FW100b05.bin,2013-12-11
DIR817LW_FW102b01.bin,2014-03-06
DIR817LW_FW103b05.bin,2014-12-15
DIR-817LW_FIRMWARE_104b01.bin,2015-04-21
DIR818L_FIRMWARE_105b01.bin,2015-04-21
dir820L_FW_100.bin,2013-04-30
DIR820LA1_FW101B23.bin,2013-08-29
DIR820LA1_FW102CNB01.bin,2015-03-02
DIR820LA1_FW102B10.bin,2013-12-25
DIR820LA1_FW103B05.bin,2014-05-15
DIR820LA1_FW104B03.bin,2014-07-09
DIR820LA1_FW105B03.bin,2014-11-11
DIR820LA1_FW106B01.bin,2015-03-02
DIR820LA1_FW106B02.bin,2018-06-09
DIR820LB1_FW200B12.bin,2014-05-09
DIR820LB1_FW201B02.bin,2014-08-12
DIR820LB1_FW202CNB01.bin,2015-03-02
DIR820LB1_FW202B04.bin,2014-12-15
DIR820LB1_FW203B01_WW.bin,2015-03-05
DIR-820LW_REVB_FW203TCb01_f4ih.bin,2015-04-24
DIR822C1_FW303WWb04_i4sa_middle.bin,2020-02-01
DIR822C1_FW301WWb02.bin,2016-03-21
DIR-822_C1_FW302WWb05.bin,2017-08-02
3001_DIR822C1_FW303WWb04_i4sa_middle.bin,2018-04-28
DIR822C1_FW310WWb06.bin,2018-07-10
DIR822C1_FW311WWb01.bin,2018-11-16
DIR822C1_FW311bWWb01_icjg.bin,2018-12-19
3002_DIR822C1_FW303WWb04_i4sa_middle.bin,2018-04-28
DIR822C1_FW312WWb04.bin,2019-03-26
DIR822C1_FW313WWb01.bin,2019-06-10
dir826l_fw_100.bin,2012-05-04
dir826l_fw_101.bin,2012-06-04
dir826l_fw_102.bin,2012-11-14
dir826l_fw_103.bin,2013-02-12
dir826l_fw_104.bin,2013-04-29
DIR-826L_REVA_FIRMWARE_1.05.B06_BETA04.bin,2014-03-20
DIR826LA1_FW105B13.bin,2014-11-11
DIR826LA1_FW106B01.bin,2015-03-09
dir827_FW_101.bin,2011-12-15
DIR827A1_FW102.bin,2012-02-02
DIR827A1_FW103.bin,2013-07-08
dir827_FW_104.bin,2012-11-15
DIR-827_REVA1_FIRMWARE_1.05.B06.bin,2013-07-05
DIR830LA1_FW100B07.bin,2015-01-05
DIR830LA1_FW101B02_WW.bin,2015-03-05
dir836L_fw_101.bin,2012-10-26
dir836L_fw_103.bin,2013-02-11
dir836L_fw_104.bin,2013-04-22
DIR-836L_REVA_FIRMWARE_1.04.B09_BETA02.bin,2014-03-21
DIR836LA1_FW104B11.bin,2015-03-09
DIR842A1_FW105B02.bin,2019-05-08
DIR842B1_FW200B06.bin,2016-02-09
DIR842B1_FW201B04.bin,2016-11-15
DIR842B1_FW202B01.bin,2016-11-15
DIR-842_C1_FW300b18.bin,2017-09-18
DIR-842C1_FW301b05.bin,2017-08-16
DIR842C1_FW302b03_middle.bin,2018-07-02
DIR842C1_FW310b05.bin,2018-05-17
DIR842C1_FW311b05.bin,2019-07-09
DIR842C1_FW312WWb01.bin,2019-05-31
DIR-850L_FW_V1.05b03_BETA.bin,2013-04-17
DIR-850L_FW_v1.03b02.bin,2013-03-19
DIR-850L_FW_v1.04b03.bin,2013-04-10
DIR-850L_FW_V1.05b03.bin,2013-04-17
DIR-850L_FW_v1.06b05.bin,2013-06-27
DIR-850L_FW_v1.07b01.bin,2013-08-01
DIR-850L_FIRMWARE_1.10B08.bin,2014-01-03
DIR850L_FW112WWb05_e9q9.bin,2014-12-15
DIR850LA1_FW114b07WW.bin,2016-05-27
DIR-850L_FW113WWb01_f4if.bin,2015-04-24
DIR850LA1_FW121WWb08_icji.bin,2018-12-19
DIR850L_FW200WWb14_e63f.bin,2014-06-03
DIR850L_FW201WWb01_e84i.bin,2014-08-04
DIR850L_FW202WWb06_eavi.bin,2015-02-11
DIR850L_FW203WWb01_ecuf.bin,2014-12-30
DIR850LB1_FW207WWb05.bin,2016-03-28
DIR850L_FW205WWb01_f4if.bin,2015-04-24
DIR850LB1_FW209WWb03.bin,2017-05-22
DIR-850LB1_FW221WWb01.bin,2017-11-06
DIR850LB1_FW210WWb03.bin,2017-09-19
DIR850LB1_FW222WWb03_ibm8.bin,2018-11-22
DIR850LB1_FW223WWb01.bin,2019-07-19
3001_DIR850LB1_FW210WWb03.bin,2018-11-06
dir855L_firmware_100.bin,2013-01-30
dir855L_firmware_101.bin,2013-05-29
DIR855LA1_FW103B01.bin,2014-05-07
DIR-859_REVA_FIRMWARE_1.03.B04.bin,2015-06-23
DIR859Ax_FW105b03.bin,2017-07-07
DIR860LA1_FW108b02.bin,2014-03-03
DIR-860L_REVA1_FIRWARE_109b06_f4af.bin,2015-04-13
DIR-860L_REVA1_FW110b04.bin,2015-04-24
DIR860LA1_FW110b04.bin,2017-06-27
DIR860LB1_FW200b13.bin,2014-12-15
DIR860LB1_FW201b03.bin,2015-03-13
DIR-860L_B1_FW203b03.bin,2015-10-16
DIR860LB1_FW203b01.bin,2015-04-14
DIR-860L_REVB1_FW203b03.bin,2015-04-24
DIR865L_A1_firmware_100b24.bin,2012-06-05
dir865L_fw_102.bin,2012-10-26
dir865L_fw_103.bin,2012-11-15
DIR-865L_REVA1_FW_v1.05b07.bin,2013-08-08
DIR865LA1_FW104fb22_e2rg_facebook_v22.bin,2014-02-27
DIR865LA1_FW107b01.bin,2015-01-16
DIR865LA1_FW107FBb01.bin,2015-04-24
DIR865LA1_FW108b01.bin,2015-04-24
DIR866LA1_FW100B07.bin,2014-07-18
8D1B5EE7D994A73_DIR866LA1_FW101b04.bin,2014-10-15
DIR-866L_REVA_FW102B11.bin,2015-09-17
DIR-866L_A1_FW103B04.bin,2017-07-07
DIR867A1_FW1.02B02_Encrypt.bin,2018-09-17
DIR868_FW_V101b05_BETA.bin,2013-04-17
dir868L_firmware_100.bin,2013-04-25
3001_DIR868_FW_V101b05_BETA.bin,2013-04-17
DIR-868L_REVA1_FW_v1.02b03.bin,2013-08-06
DIR868L_REVA1_FW_v1.06b01.bin,2013-11-15
DIR-868L_FIRMWARE_1.07B02.bin,2014-01-03
DIR868LA1_FW108b07.bin,2014-05-29
DIR868LA1_FW109b08.bin,2014-11-17
DIR-868L_REVA1_FW110FBb01.bin,2015-04-13
DIR868LA1_FW112b04.bin,2017-03-16
DIR-868L_REVA1_FW110b03.bin,2015-04-13
DIR-868L_REVA1_FW110b04.bin,2015-04-24
DIR-868L_REVA1_FW110FBb04.bin,2015-04-24
DIR868LB1_FW200b07_e65c.bin,2014-06-05
DIR868LB1_FW201b05.bin,2016-12-07
DIR868LB1_FW203b01.bin,2016-12-07
DIR-868L-ES_revA1_FW100DHb02.bin,2018-10-04
DIR869Ax_FW102b15.bin,2016-12-07
DIR878A1_FW100B13.bin,2017-06-20
DIR-878_A1_FW101B04.bin,2017-09-05
DIR878A1_FW104B05_Middle_FW_Unencrypt.bin,2018-03-14
DIR878A1_FW110B05.bin,2018-03-14
DIR878A1_FW1.11B02_Encrypt.bin,2018-08-07
DIR-878A1_FW1.12B01_Encrypt.bin,2018-10-04
DIR879_REVA_FW101WWb01.bin,2016-02-12
DIR-879_FW_102b11.bin,2016-05-12
DIR-879_Ax_FW_103b01.bin,2016-05-23
DIR-879_A1_FW105b05.bin,2017-08-30
DIR-879A1_FW107b05.bin,2018-10-25
DIR880A1_FW100b48.bin,2014-03-21
DIR880A1_FW101b09_e6ck.bin,2014-06-16
DIR880A1_FW102b13.bin,2014-11-24
DIR880A1_FW102b13_BETA.bin,2014-11-17
DIR880L_A1_FW105WWb02_.bin,2015-07-16
DIR-880L_A1_FW107WWb08.bin,2016-08-11
DIR880A1_FW103FBb11_f48f.bin,2015-04-09
DIR880A1_FW120b01_20190412_beta02_j4cj(0419115153).bin,2019-04-22
DIR880A1_FW120b02(0926134102).bin,2018-09-26
DIR880A1_FW120b02_beta01_20181221_icl9.bin,2018-12-21
DIR-880_REVA_FW104b01_FB_.bin,2015-04-20
DIR880A1_FW104WWb01.bin,2015-04-20
dlink-dir882-a1-webflash.bin,2020-02-01
factory-to-ddwrt.bin,2020-02-01
DIR-882_A1_FW100B07.bin,2017-06-08
DIR-882_A1_v1.11B01_for_open_SPI_vpn_noworking_issue_2018_10_12(1012162256).bin,2018-10-16
DIR882A1_FW102B02Beta_for_wpa2_issue.bin,2018-02-10
DIR882A1_FW102B02_for_wpa2_issue_Uncrypt.bin,2018-02-10
DIR882_A1_FW101B02.bin,2017-09-05
DIR882A1_FW104B02_Middle_FW_Unencrypt.bin,2018-04-10
DIR882A1_FW110B02.bin,2018-04-10
DIR882A1_FW1.10B02_Beta_for_loses IPV6 connection_issue_Encrypt.bin,2018-06-09
DIR-882A1_FW1.11B01_Encrypt.bin,2018-09-17
DIR882A1_FW1.11B01_Encrypt.bin,2018-08-20
DIR885LA1_FW115b02.bin,2017-09-28
DIR885LA1_FW120b02.bin,2017-09-28
DIR-885L-R_A1_FW100b20.bin,2015-12-03
DIR-885L_A1_FW_101b05.bin,2016-01-21
DIR-885L_REVA_FW110b01.bin,2016-03-14
DIR-885L_A1_FW111b07.bin,2016-08-11
DIR885LA1_FW112b05.bin,2016-10-26
DIR885LA1_FW113b03.bin,2017-01-19
3001_DIR885LA1_FW115b02.bin,2017-09-29
3001_DIR885LA1_FW120b02.bin,2017-09-29
DIR890LA1_FW111b04.bin,2017-09-26
DIR890LA1_FW120b01.bin,2017-09-28
DIR-890L-R_REVA1_FW1.06.b04.bin,2015-05-13
DIR-890L_REVA1_FW107b09.bin,2015-07-16
DIR-890L_REVA1_FIRMWARE_106.b01.bin,2015-03-26
DIR-890L_REVA1_FW100b25.bin,2015-01-05
DIR890A1_FW103b07.bin,2015-02-23
DIR-890L_A1_FW108b03.bin,2015-08-10
DIR-890L_A1_FW109b14.bin,2016-08-11
DIR-890L_Ax_FW110b07.bin,2016-08-11
3001_DIR890LA1_FW111b04.bin,2017-09-26
3001_DIR890LA1_FW120b01.bin,2017-09-28
DIR890LA1_FW109b08.bin,2015-10-26
DIR895LA1_FW115b02.bin,2017-09-29
DIR895LA1_FW120b02.bin,2017-09-29
DIR-895L-R_A1_FW_100b11.bin,2016-01-12
DIR-895L_A1_FW102b04.bin,2016-01-25
DIR-895L_A1_FW_102b07.bin,2016-04-18
DIR895LA1_FW111b04_WW.bin,2016-08-11
DIR895LA1_FW112b10.bin,2016-10-25
DIR895LA1_FW113b03.bin,2017-01-13
3001_DIR895LA1_FW115b02.bin,2017-09-29
3001_DIR895LA1_FW120b02.bin,2017-09-29
DIR895LA1_FW121b05.bin,2017-12-26
DIR895LA1_FW121b05_middle.magic.v1.15.bin,2017-12-26
DIR895LA1_FW113b03beta_ddnsissue_h3lf.bin,2017-03-30
DIR900LAx_FW115WWb01.bin,2015-05-12
DIR905LAx_FW115B01.bin,2015-05-12
DIR-905LBx_FW206WWb02.bin,2015-05-08
