022fb8b2b9ca76f48ad2e91921cfc0a551677162.bin,2020-02-01
03080b2f72bf548919976059d5a93c5d83f3291a.bin,2020-02-01
043df9955b91b933918945741c088b74b89a36f4.bin,2020-02-01
04db87744ef299dd036cff3d1be0e9ed4c6694b7.bin,2020-02-01
05eb913d2bb0faf278ac7e9d5b06a07d3229f8a3.bin,2020-02-01
08062d6e5088370070f0d12a47a30dd00a8e2c96.bin,2020-02-01
0870e2447d882a561d3ec9cc4084bf43f7b670bb.bin,2020-02-01
08b4ec4854ec3f05061784b23e90413881d228ff.bin,2020-02-01
09723beb19c11349f3a1ea4963198bc70be7e65c.bin,2020-02-01
0a14c767c44859bdd4a6d94a1810a97b6aa3eded.bin,2020-02-01
0a9e6701c73f3ab2dc9dc51bb130018ebaca87aa.bin,2020-02-01
0cc935b362d401c8f05f056e8173fe1fe605024e.bin,2020-02-01
0edb8fb1109403257882b1d20efbcda768b3edb0.bin,2020-02-01
0f51ebd80d4d43717b2e66a0886380cabe42ea48.bin,2020-02-01
0f785817ed36f12cab9cb4edc54004a9673c1d53.bin,2020-02-01
113dc958a6f48d24355da99c60b4d7fea3a27b8b.bin,2020-02-01
116c54f1a82d43e4622ff5d05b492a02eda90371.bin,2020-02-01
11e8d8c9e0ba9bc3318dc708d878d01f6d299360.bin,2020-02-01
124323d7e66419d73416b50000b94dd485405a32.bin,2020-02-01
12f11f2f021325bbe0abb9a064637dcf2ac8211a.bin,2020-02-01
134dcf72ead21c935d9ffc4175443cc91e575959.bin,2020-02-01
14e31d20bae062360e56bafb04b700b36caa7346.bin,2020-02-01
16fb076420e08dc95a13d10871ec041466053dae.bin,2020-02-01
18b6e3b71ca8f82a73682e1b9a3905681237d46a.bin,2020-02-01
1a22e12cc0f8ffa71fea6fb9b0a8c41ecec05006.bin,2020-02-01
1a603041949c9aaa0e8859177b7a55dd2b5f69d0.bin,2020-02-01
1bf380ac3674791819c332062fb167bdac41ff6e.bin,2020-02-01
1d6c6dd34b53eae6c5c6f66252590b712a0c22f5.bin,2020-02-01
1e1be08974fc262ae21bbd6e67c877eb777f0f20.bin,2020-02-01
1fac17c3ef51f7863a3fa4c0914f04f49fd7184d.bin,2020-02-01
1faf28e8c74158400752c332868cbd0885aab7ff.bin,2020-02-01
1fd942d2f77d289ae8aae69b320cdbd9685668af.bin,2020-02-01
2049bc72a313237821805078fcf3d4e7452983da.bin,2020-02-01
2067b098890d15c46fc09a46a376030954680df5.bin,2020-02-01
2118b29f0dcde4e442d3c25b0175048d08a67d26.bin,2020-02-01
2373e4e38b5071654126ca7e06908cbd8b0a9e67.bin,2020-02-01
244ab3274fbd4170e084c1b7d3b7cc90d16ce752.bin,2020-02-01
25df1162cd730bad85c6a3d3bac5945481ced19f.bin,2020-02-01
26367899c8e640378010c8f70f215416ddd90df1.bin,2020-02-01
26a6f6eb415e3df4f9b54074b021d18c94d51605.bin,2020-02-01
28bb937277b9d715f02f798e222858fa01b0f7d2.bin,2020-02-01
298ad57ea1df3af2079bbd4989f88a60d3128ec1.bin,2020-02-01
29d26572d7e41653646ce293f5b1735d13042612.bin,2020-02-01
2da93f2c73d2ac9d1db28a4bf1db3d83c4cfe31d.bin,2020-02-01
312c263920eaf1accf6c1faff9aa04976305beed.bin,2020-02-01
3147f61b6a1f631f32a8950781f68b12d49532c6.bin,2020-02-01
3156836490f28b197dccedb3e2333d9b17eb2831.bin,2020-02-01
33bad339316fce25b35a6df0babb36d2bc41c481.bin,2020-02-01
33ea25ed156de4505fbc97a86c9e7b61948ca63f.bin,2020-02-01
34a03aa9069f9399129fe4313b366005a20e88ed.bin,2020-02-01
35229e6373cc875de7fde19b61555e79b2b6cc35.bin,2020-02-01
3acb6c50262bd9a5de60822b90fadc654ade57b6.bin,2020-02-01
3d378e075ec08f55d014efabffd67a8a5911845d.bin,2020-02-01
3daf97ce6c2828062c62fac66186d23be838ca10.bin,2020-02-01
3dcd6747b547742858ccc9a302fb09955d0817ea.bin,2020-02-01
3e41f2276c813bff1785494206786c65b94fb100.bin,2020-02-01
3e6d63d1f93839cf6e7b7bee9cb4ba2ae3d3c488.bin,2020-02-01
40f73d14b7a9fb3e5c32deda635556c15df46b40.bin,2020-02-01
42be6adcc75c5138877cd43dee55bd3045b4029b.bin,2020-02-01
4326dd4a42fc3a7e597304e5874d03499a65387f.bin,2020-02-01
4369569acdaa8ead8c6caae32a11fca546b38982.bin,2020-02-01
457e431b12a93eaf9d04d7877e49d9f5809dba55.bin,2020-02-01
47819252d176122af3d3efdcfc8db82a170d9f9b.bin,2020-02-01
4803235c94df76b32bafb0f6dcd7f506071e4243.bin,2020-02-01
488c470197b5f5d98781fb9806f00556bbbc96a8.bin,2020-02-01
492ea71cade1575ed9cd545dcf8a36810372ac5f.bin,2020-02-01
4985da4713594a13387d28e5ecb5eb607598c554.bin,2020-02-01
4e45167d7342a65d9dbdbf710d565996fa905402.bin,2020-02-01
4e70aaac4172242b0f9c5ab7737655e0e80103fb.bin,2020-02-01
50483d3c49828bf6f1096384ea2df4a7bdae83eb.bin,2020-02-01
522bafad135d2d142f7a60b54810d15173e45cb7.bin,2020-02-01
529e2a132fee3e3c0d82b13ea70ae428a5381f96.bin,2020-02-01
55e9fcb3bcefa7ec4ac2e93c037615514a81293f.bin,2020-02-01
560b83ba6e2295d07ac575ef7ac26b6fb3943b56.bin,2020-02-01
564994c1194228a244164919c265c410c31335f9.bin,2020-02-01
57ca6ece1746e4203f4fc0b31f9a5030b0038013.bin,2020-02-01
58c38001e6d15015e601eb9f494f35010bd65fe5.bin,2020-02-01
591768dba8dadeafb8886192ffa62a6991296ea5.bin,2020-02-01
59484ad5caa50411cbd2ccadb135657641837cfc.bin,2020-02-01
5a386df8d494ba034cf37cb13597d7de88b5deea.bin,2020-02-01
5b7cbedd058f8ebdcd8c32d36ef9d21085f940ac.bin,2020-02-01
5bd62244c09ab1fd1e6821ce9d1764d5706bf51d.bin,2020-02-01
5d48c59741487c53cc7e1656f7fd203e0af535af.bin,2020-02-01
5d9be35bab5e4d22b183186decc41f63294fb6f2.bin,2020-02-01
5db174e7c763c09c0c54efb49e54a5fb484e559f.bin,2020-02-01
5e6d7e88a77fd99efc530cf18287443c17cb0be4.bin,2020-02-01
64044add77232de37c77c89def9f65ee6f856560.bin,2020-02-01
645e20434a30e8d3cd033763dc18d3bffcc60c0b.bin,2020-02-01
67095bdc33f8cacc0298d784c7e7f5de9a2089d1.bin,2020-02-01
69666fa04ffa6c23678cd3693136dff09e7583e4.bin,2020-02-01
6a364db9aa7a1bdc9465e7282ad03fa71d63b66b.bin,2020-02-01
6a49e9d94a1360f883eb16e464f848fcc9e16778.bin,2020-02-01
6c3376aeb3399a0dba02aeb3cc6428b7d02558d2.bin,2020-02-01
6ccdb6c0415877192e9cff054ec1b583b9ad1c6c.bin,2020-02-01
6cd322c32052387017afc0838ec89b256ece96b5.bin,2020-02-01
6d7b61071c362dc95e7bdfdb6395c65f14c038a7.bin,2020-02-01
6d9d6d8f200600063d75a9fe3c82565a1d8e60b8.bin,2020-02-01
6edc48e6372114afbbf0e0b4c55b720db651efb8.bin,2020-02-01
7077fed3c7ebbbe768f90eef90e20f85943a5df6.bin,2020-02-01
7241521712d927af2c59d34822e6ec2d522c8f9e.bin,2020-02-01
743a3544776db0412c65ec3dcb64945681d61cf3.bin,2020-02-01
74ee47e2727cf75efc8a23a6a23ae7dc18f4c924.bin,2020-02-01
7529ac98ccc7507a183f258aaec1b9017bd13bbe.bin,2020-02-01
759a8909c9b7a02a73d5cc1481a4816d3c679c89.bin,2020-02-01
7677cb2af5850e846dfded9ddce7060b8d9c2e38.bin,2020-02-01
7895ad4e7a3e09789d77e05d532c87eeb020becf.bin,2020-02-01
79a485ceaa4e74204a82239c50ef389e47b53cf6.bin,2020-02-01
79df89ea672a343f6dc31c8ea0aea9f306109972.bin,2020-02-01
7c715987667eaa6cc469eec155a2094d4eda622a.bin,2020-02-01
7f94fea90d81e1261244456079edbdbbae0660ef.bin,2020-02-01
7ffda46f0df092432f8163c127d82b1f5ba90098.bin,2020-02-01
8360e716bb6e71d737b5c4c00679ca3ab932c1ca.bin,2020-02-01
8390fca8282f3b5b9cde395132b9a29364c3d7c7.bin,2020-02-01
842b1a2a6d50971de179c50ded07dd15c77b2d4c.bin,2020-02-01
84a6ba252a2cfe448281cb4d58e881ed181cd310.bin,2020-02-01
84bad2b38850557814964157506145bd62413d6e.bin,2020-02-01
8567249a721c0a88f9b82421326afb0c824334f0.bin,2020-02-01
877f884252921e115a293ee7ac8d9c5104aba8f7.bin,2020-02-01
87cca3c5ab287555051fb59dbcf93567e865d218.bin,2020-02-01
87cf4a6419d378e8dc650bd80dab37dc0bcf1500.bin,2020-02-01
89288259712102e33430be9bfa896f0a082153f1.bin,2020-02-01
8a269f4c2c6426e7bbc6897985855afa7a965d5e.bin,2020-02-01
8f660f3ec925f6249fcab06455680bb5ceeb0141.bin,2020-02-01
9015f5997edc5cfc1239846f3b8d7cda87d6438e.bin,2020-02-01
930a232e25b091328ff309ed2a05ad9b91db5eb6.bin,2020-02-01
958488c9f226fa5048335d693aead860df3f7a2c.bin,2020-02-01
98336cd05a0063b5caa5c21f1e3776d1616baa07.bin,2020-02-01
98a5c90ffc48ca11ff04ac2873b21b4d58e8f837.bin,2020-02-01
98c53cd8d4f84d0c9772d9875a28411c75ab2f24.bin,2020-02-01
990d10ce7254625229502bbb3f786ef434869cd1.bin,2020-02-01
9a7fe7468b0f56eb55983da01df4e1e8db7c1b99.bin,2020-02-01
9d346257218f1863ca454ab4b2f93dd7b1f394c0.bin,2020-02-01
9db65535b2d86f075d8c703b949dbe2f1502618d.bin,2020-02-01
9eb058a5d06a79fed73769ce404eb96d7bbbf8e7.bin,2020-02-01
a0c468293cb74f1fea139dc594d52ba4e3096246.bin,2020-02-01
a1a4561366d410960d57b59e050e7f4ebc425400.bin,2020-02-01
a1a83c2a88d2708fc37a7edf3aa57826918d383b.bin,2020-02-01
a3fa9bf133443c5093b80c718bbe8b23bf0c41d4.bin,2020-02-01
a55e79991b420ecd6ab6d945a35a501df17b3141.bin,2020-02-01
a66d7ecbf6728a5ca2f211a6f560e9410288b0f7.bin,2020-02-01
a8b2a1163d547f32e5fbd989a20739d4bc2d9b47.bin,2020-02-01
aac2c5bb610eae0ff1caad5fabea8ef4a00033e6.bin,2020-02-01
ad3b5db09ea21998b9c7e537bfa91ba71e7b6040.bin,2020-02-01
ad84a5f27cfd2a21fa68440566c029556bf8c690.bin,2020-02-01
adb8d24a14ed222f2c40af308151fd767786d956.bin,2020-02-01
adc1de23460ae29e955ce67ec21a08e98c0a8b8d.bin,2020-02-01
ae0230da73605391390f940386e9d6ab72b9000f.bin,2020-02-01
ae9d7938ea0ec66533246e16e06ba34eec6898a0.bin,2020-02-01
aed1f53265d5f17747dffcc982c4729659939392.bin,2020-02-01
affbadba107907441a93d479fb87879504d813d6.bin,2020-02-01
b051c514ff166b384a8139c1ac40622193d1a28b.bin,2020-02-01
b1299e045447bc75846f2279f4566892f1d24755.bin,2020-02-01
b33919b6284b8e858e6cae3bf0027a80fee58d55.bin,2020-02-01
b3619a1826ab75bd50540e44f0f474279f7612e7.bin,2020-02-01
b52149402e3b6443d9dd26bc97afc7d647864545.bin,2020-02-01
b524fe86d264843058948cb02f08d046ab74b5ac.bin,2020-02-01
b6b43074449bbf6b161e38b4ff9eaefd7fbcd2b2.bin,2020-02-01
b73ee02922ef96bf8dd8a8a8ceea0f63338ce78f.bin,2020-02-01
b8a6aea97c71b90c98ea88537ebe4d64918be8a2.bin,2020-02-01
b91e3398d6b6a2278eca05581bdb0548f6ede613.bin,2020-02-01
b9b79a4c033582b89db4dd99208ac5c7ef568506.bin,2020-02-01
ba0a5e1d2aeb3cef707468f6a0d8691feaaa7875.bin,2020-02-01
baaf1305237485d727be0c3f131f1461581df4c4.bin,2020-02-01
bbd030e384c9a163599a5d0a50fcd64a3eaa37c8.bin,2020-02-01
bd50da34a2d3a7919c56f8c053dc2630d2ec56d4.bin,2020-02-01
be3bf49c0ca3a205138e912f899a6d63fd1bc13a.bin,2020-02-01
bf138259e8b274db13f6b26a9224d848722d1002.bin,2020-02-01
c01f2206c01b67adc7865ad9fff23245d67461f9.bin,2020-02-01
c0e7a3d93958fbe4fe6d64c61462ad01f6aa2e4a.bin,2020-02-01
c1c23d0b11a185b5e2a96b19fd058554833e57a9.bin,2020-02-01
c2b1f0e3debe161674eb2591094bdcdefc32f061.bin,2020-02-01
c3de0f49d633c9f2ae2aedb37f6daa9651d79fbb.bin,2020-02-01
c63a08e73d2bcea808a95bb20c6b7f7f2887a07c.bin,2020-02-01
c6598202c52cad7c74fe5ab15afaa8918e23dac2.bin,2020-02-01
c65f4d35e963b19cbe68a2f57541f804a0431dab.bin,2020-02-01
c72656defae4ffd59cfbdd5ce08969393981333d.bin,2020-02-01
c76a8484c4f367fa6b00529436a8711cf7a61d96.bin,2020-02-01
c7fef68be83a4b9ef65fce6d89ea173f13a9cc7f.bin,2020-02-01
c806406956fa2c1aac14a009a0ec6940e5f23a2c.bin,2020-02-01
c963f11602eb6c0bf067383ee5322ef4331194dd.bin,2020-02-01
ca72b878459e7225e402cab59a42b9f351bcbaad.bin,2020-02-01
cdc832a36a6323bc1027d156666baf2dd287cc4d.bin,2020-02-01
cf08f954399e261a84bc43f98ec8f42f214222fd.bin,2020-02-01
d286f030710063b289ddffe30b97ad83cf08248e.bin,2020-02-01
d5bd84a84c54ca4339a0e995648cd261393b6bfa.bin,2020-02-01
d5bfa1f5895b4803377900173fb6c768618b7032.bin,2020-02-01
d5cf180dc0faf698f8a2cc84ba0e615d1febcea4.bin,2020-02-01
d63922e695de5eb4b937fc50fbed520c828b09d3.bin,2020-02-01
d682a62d2da5f902eca6e90a67e076aab798d580.bin,2020-02-01
d729050822c92fad43bd32b07c8e0b4d4153570c.bin,2020-02-01
d924a59363025a485801b281442c6c57117fb9ed.bin,2020-02-01
da2f42ae2883fd890f86b09c0b8302c5b0550530.bin,2020-02-01
dbc1f4c75a73d3d150d3775c191e50a56f70ebc6.bin,2020-02-01
dd9e6f87da2ad2b9417f689ccd94a6a5eb808b0c.bin,2020-02-01
de6a933164987a7bdc507a776e39497e54663d7c.bin,2020-02-01
df156d53e4f64c092456f40eab07b008a7589b92.bin,2020-02-01
df873d63ba1ba431442ef5259baafeba976fccf4.bin,2020-02-01
e148cc8d33e4de938e6826b98cc957bbf6b2a69d.bin,2020-02-01
e16703b7a3adc0fa5d36c76a60928a5592762d10.bin,2020-02-01
e192934a47d28d8b758743975e99beba962b31fd.bin,2020-02-01
e22851cc2100cf040f3568874112397790409fb2.bin,2020-02-01
e331aa10270cfd5bd84cac9772704881a930c4f1.bin,2020-02-01
e498e33f6f9473f59f58116c35956a69bc434010.bin,2020-02-01
e671ea3632f3ce144397fce94c769693e349126b.bin,2020-02-01
e6efa91e1ffd5a8f024d02c96250b3c7dca9d3e1.bin,2020-02-01
e6f1cb2728247a78e6b3af5e19df7f1669be7fa7.bin,2020-02-01
e93d3dafd0f097207f447fb76c845f4dcaf5d0c0.bin,2020-02-01
e9697b708ba30bcd396e87ce6eadf9072d697aeb.bin,2020-02-01
eb7b4497bcdd163595cc540cfa01693460454af4.bin,2020-02-01
eb91abfa0b859d0b3eff4efbee3030457d70cb34.bin,2020-02-01
ebe9c37c1b5708b7e92238674c651b84f98e13ad.bin,2020-02-01
ed646089fa25d9d4326d242ddf0e806a62204145.bin,2020-02-01
eefd381650d84570bdfecdadc06dbd687aaeebd9.bin,2020-02-01
ef5e95ec27faf4a1e37243266584800a1560a952.bin,2020-02-01
f00d2a7802fb9348680ac6ee3f179d864efbb3a9.bin,2020-02-01
f1bae7ddb41abcacfef4575770c989b64dc136ff.bin,2020-02-01
f2890876a3318daf3a160627dcdc3f835d14bb54.bin,2020-02-01
f3967b1dd53392d116c8c9b94666896a1f76973f.bin,2020-02-01
f3cc52d1189fffa01b40750f75fea4adedd8b329.bin,2020-02-01
f401f774644cdf1deda33a179ae15723acac3366.bin,2020-02-01
f60314b2be452d4c2f7e14085fa2fd0e5a2d5297.bin,2020-02-01
f6d511423d41fdcfe9b41e7465acc357caf6d136.bin,2020-02-01
fa644bee5f7436fd3cacd733332c587a8d595252.bin,2020-02-01
fa6f76c59848e5d03dadc399cad683f6c913da4f.bin,2020-02-01
fba39ef0d3cc6689789ec90a9e19f109584421d7.bin,2020-02-01
fcdece94eb3fb2f607cbc262ac2723ba396019af.bin,2020-02-01
fe06a4d25d1bed6121fb64d656c1db700b101124.bin,2020-02-01
fe77386c4580d486e29cfc393f91bffd56588b62.bin,2020-02-01
ff9ac99a2b32db5def1d9cfb8114d6168ae95a43.bin,2020-02-01
ffdb4528942c302ae67cc2be7420fc3f68eca91f.bin,2020-02-01
