TEW711BRV2_FW200B11.bin,2014-08-08
TEW-647GA_v1.0.1.29.bin,2010-01-29
TEW-828DRU_v1.0.8.1.bin,2018-07-27
TEW820AP_A1_FW101B01.bin,2015-09-23
TEW733GR_FW101B01_d92f.bin,2013-09-05
TEW827DRU_FW201b03.bin,2017-11-29
TEW-812DRUv1_v1.0.14.0.bin,2015-01-20
TEW711BRV1_FW102B03.bin,2014-05-17
TEW711BRV2_FW201B01.bin,2015-03-13
TEW632BRPA1_FW110B31.bin,2011-06-08
TEW-638APBv2_v1.1.8.bin,2009-06-11
TEW-639GRv2_v2.0.2.0.bin,2012-08-10
TEW632BRPA1_FW110B19.bin,2009-08-20
TEW639GRv3_v3.0.0.0.bin,2011-06-02
TEW-654TRA1_FW110B21.bin,2013-03-28
TEW-633GR_v1.0.6.0.bin,2009-07-14
TEW712BR_FW101B02.bin,2014-08-04
TEW-690AP_v0.0.0.50.bin,2010-10-08
TEW638APBv3_v3.1.2.0.bin,2012-07-23
TEW731BRV1_FW102B03.bin,2014-05-17
TEW-672GR_v1.0.7.10.bin,2009-05-25
TEW812DRU_v1.0.8.0.bin,2013-02-25
TEW651BR_FW101B0022.bin,2010-06-28
TEW651BR_FW101B0018.bin,2010-05-26
TEW-828DRU_v1.0.4.0.bin,2015-05-22
TEW-639GR_672GR_mixed_v1.0.8.16.bin,2009-09-08
3001_TEW-639GR_672GR_mixed_v1.0.8.16.bin,2009-09-08
TEW-690AP_v1.0.2.0.bin,2012-08-10
TEW-631BRPv3_v1.0.3.0.bin,2007-08-17
TEW638APBv3_v3.1.5.1.bin,2018-03-22
TEW751DR_FW100B11_d5fh.bin,2013-05-16
TEW821DAP-FW107B07.bin,2017-11-28
TEW752DRU_FW101B01_d92g.bin,2013-09-05
TEW-638APB_PAP_mixed_v1.2.7.bin,2010-04-02
TEW-647GA_v0.0.7.47.bin,2009-02-09
TEW-654TRA1_FW110B23.bin,2013-10-23
TEW-630APBv2_v2.0.1.bin,2009-02-20
TEW810DRV1_FW113B04.bin,2018-04-18
TEW-640MB_v0.0.0.287.bin,2010-12-01
TEW-639GRv2_v2.0.0.58.bin,2010-12-10
TEW-654TRA1_FW110B26.bin,2014-08-23
TEW824DRU_FW104B01.bin,2018-10-13
TEW-639GR_v1.0.7.10.bin,2009-05-25
TEW-672GR_v1.0.6.33.bin,2009-03-30
TEW711BRA1_FW101B09.bin,2012-12-01
TEW813DRUV1_FW101B05.bin,2015-03-09
TEW-812DRUv2_v2.0.10.0.bin,2015-01-09
TEW-636APB-1005.bin,2008-11-17
TEW814DAP_A1_FW101B01.bin,2015-09-23
TEW820AP_A1_FW100B16.bin,2014-07-30
TEW-639GRv2_v2.0.0.82.bin,2011-09-09
TEW711BRV2_FW200B10.bin,2014-05-21
TEW673GRU_FW100B36.bin,2010-07-15
TEW711BRV1_FW102B05.bin,2014-06-28
TEW432BRP_D1.2R_FW3.10B19_nml.bin,2010-09-03
TEW-822DRE_FW103B01.bin,2017-09-12
TEW-638PAP_v1.2.15.bin,2012-08-06
TEW-818DRU_v1.0.5.0.bin,2014-02-14
trendnet-811dru-webflash.bin,2014-01-10
452BRP_v166b39.bin,2006-04-10
TEW-639GR_672GR_mixed_v1.0.9.161.bin,2010-01-04
TEW651BR_FW101B0012.bin,2010-03-23
TEW637APv3_v3.0.0.1.bin,2011-12-29
FW_TEW800MB(v1.0.1.0)_08012013.bin,2013-08-01
TEW-827DRU_FW204B03.bin,2018-05-15
TEW634GRUA1_FW101B14.bin,2014-05-26
TEW632BRPA1_FW110B32.bin,2011-06-28
TEW-692GR_v1.0.0.11.bin,2011-08-03
TEW652BRPA1_FW300B13.bin,2010-12-06
TEW-654TRA1_FW110B10.bin,2011-02-01
TEW-812DRU_v1.0.10.0.bin,2013-08-07
TEW755_821_825DAP-FW109B03.bin,2018-09-20
TEW825DAP-FW102B05.bin,2017-10-19
TEW825DAP-FW107B07.bin,2017-11-28
TEW638APBv3_v3.0.0.1.bin,2011-04-25
TEW651BR_FW200B12.bin,2010-11-11
TEW-818DRU_v1.0.7.0.bin,2014-03-14
TEW634GRUA1_FW101B06.bin,2010-02-04
TEW-812DRU_v1.0.11.0.bin,2013-12-03
TEW-633GR_v1.0.5.0.bin,2009-06-10
TEW652BRPR1_FW200B0044.bin,2011-04-22
TEW-829DRU_v1.0.2.3.bin,2019-05-08
TEW-818DRU_v1.0.11.0.bin,2015-01-15
TEW737HRE_FW102B02.bin,2014-06-24
TEW639GRv3_v3.1.5.0.bin,2013-03-20
3001_TEW651BR_FW200B12.bin,2010-11-11
TEW737HRE_FW100B15.bin,2013-07-22
TEW813DRUV1_FW102B01.bin,2015-07-03
TEW810DRV1_FW114B02.bin,2018-10-05
TEW-736RE_v1.0.1.0.bin,2011-11-08
TEW810DRV1_FW112B01.bin,2015-03-13
TEW-435BRM_D1.0R-1011.bin,2009-02-24
TEW755AP-FW104B06.bin,2017-10-03
TEW-654TRA1_FW110b25.bin,2014-08-02
TEW652BRPA1_FW110B14.bin,2009-07-20
TEW-812DRUv2_v2.1.2.0.bin,2015-10-02
TEW827DRU_FW205B11.bin,2019-06-25
TEW-812DRU_v1.0.9.0.bin,2013-05-24
TEW731BRV1_FW101B09.bin,2012-12-01
TEW-818DRU_v1.0.9.0.bin,2014-08-15
3001_TEW652BRPA1_FW300B13.bin,2010-12-06
TEW-647GA_v1.0.1.22.bin,2009-07-17
TEW755AP-FW103B08.bin,2017-03-03
TEW751DR_FW103B03.bin,2015-11-02
TEW737HRE_FW102B01.bin,2014-06-10
TEW-811DRU_v1.0.4.0.bin,2013-08-06
TEW-650AP_v1.0.1.0.bin,2012-06-25
trendnet-828dru-webflash.bin,2015-07-08
TEW755_821_825DAP-FW107B07.bin,2017-11-28
TEW755_821_825DAP-FW108B04.bin,2018-05-01
TEW752DRU_FW100B08_d7bi.bin,2013-07-12
TEW651BR_FW101B27.bin,2011-07-08
TEW639GRv3_v3.0.3.0.bin,2012-01-18
TEW632BRPA1_FW110B13.bin,2008-11-27
TEW-435BRM_v1012.bin,2009-07-29
TEW827DRU_FW202b02.bin,2018-01-16
TEW-827DRU_FW203B02.bin,2018-04-03
3001_TEW755_821_825DAP-FW109B03.bin,2018-09-20
3001_TEW821DAP-FW107B07.bin,2017-11-28
tew-753dap-int-v2.0.3.0.bin,2015-12-12
openwrt-ar71xx-generic-tew-732br-squashfs-factory.bin,2013-10-14
openwrt-ar71xx-generic-tew-732br-squashfs-sysupgrade.bin,2013-10-14
3002_TEW652BRPA1_FW300B13.bin,2010-12-06
TEW-631BRPv2_v1.0.2.2.bin,2007-06-22
TEW731BRV2_FW201B01.bin,2014-08-07
TEW821DAP_FW201B05.bin,2019-01-09
TEW652BRPR1_FW200b08_nml.bin,2009-06-02
TEW652BRPR1_FW200B22_nml.bin,2009-11-13
TEW-823DRU_FW102B01.bin,2015-07-01
TEW-MP2U_v2.60.bin,2010-02-11
TEW-691GR_v1.0.0.25.bin,2010-11-23
TEW651BRV2_FW205B01.bin,2015-06-13
TEW-637APv3_v3.1.1.0.bin,2012-08-13
TEW-822DRE_FW101B06.bin,2017-01-19
openwrt-ar71xx-generic-tew-712br-squashfs-factory.bin,2012-08-23
TEW810DRV1_FW112B02.bin,2015-04-14
TEW817DTRV1_FW101B06.bin,2017-09-28
TEW-638APBv2_v1.1.5.bin,2009-03-18
TEW632BRPA1_FW100B51.bin,2008-06-25
TEW-811DRU_v1.0.8.0.bin,2014-10-14
TEW-823DRU_FW101B02.bin,2015-01-15
TEW-828DRU_v1.0.7.2.bin,2018-03-02
3001_TEW-639GRv2_v2.0.0.58.bin,2010-12-10
TEW-650AP_v1.0.2.0.bin,2013-11-20
TEW652BRPA1_FW110B08.bin,2009-01-05
TEW-639GRv3_v3.1.6.0.bin,2013-11-07
TEW-MP2U_v2.50.bin,2009-02-06
TEW-755AP_FW103b10.bin,2017-03-15
TEW751DR_FW101B01_d92f.bin,2013-09-05
TEW-631BRPv2_v1.0.2.8.bin,2007-08-07
TEW651BR_FW101B0011.bin,2010-03-11
TEW-812DRUv2_v2.0.8.0.bin,2014-08-07
TEW652BRPV3_FW304B01.bin,2015-06-13
TEG-P11G(v1.0.10).bin,2009-03-06
FW_TEW-432BRPC(v2.00.19).bin,2007-12-26
3001_TEW813DRUV1_FW101B05.bin,2015-03-09
TEW-812DRUv2_v2.0.6.0.bin,2014-04-11
TEW-631BRPv2v3_v1.0.3.7.bin,2008-01-17
TEW-812DRU_v1.0.15.0.bin,2015-07-23
TEW652BRUV1_FW100B12.bin,2011-11-09
TEW-733GR_FW102B01.bin,2013-09-17
tew-450apb_2011_400_0006_nml.bin,2007-07-31
TEW-638APB_PAP_mixed_v1.2.5.bin,2010-01-07
TEW712BR_FW100B12.bin,2012-08-16
TEW750DAP_FW101B03.bin,2014-05-24
TEW-815DAP_v1.0.2.0.bin,2014-05-28
TEW651BRV2_FW204B01.bin,2014-07-31
TEW450APB_B1.0R_FW401B13_nml.bin,2008-02-13
TEW-638PAP_v1.2.13.bin,2012-05-18
3001_TEW755_821_825DAP-FW107B07.bin,2017-11-28
3001_TEW755_821_825DAP-FW108B04.bin,2018-05-01
TEW731BRV1_FW100B27.bin,2011-12-10
TEW-692GR_v1.0.8.0.bin,2013-11-14
TEW755AP_FW102B06.bin,2017-01-20
TEW432BRP_D1.2R_FW3.10B15_nml.bin,2010-01-12
TEW-812DRUv2_v2.0.4.0.bin,2014-02-25
TEW755AP-FW107B07.bin,2017-11-28
TEW-736RE_v1.1.3.0.bin,2015-05-15
TEW-818DRU_v1.0.13.0.bin,2015-07-02
TEW639GRv3_v3.0.2.0.bin,2011-11-22
20130104_Trendnet_TEW-718BRM_1_00_09.bin,2013-01-15
TEW-828DRU_v1.0.2.0.bin,2015-03-07
TEW731BRV2_FW202B01.bin,2015-02-10
TEW-822DRE_FW102B02.bin,2017-05-02
TEW652BRPR1_FW200B0032.bin,2010-05-26
TEW-631BRP_upgrade_v1.0.2.4_0913.bin,2006-09-13
TEW-638PAP_v1.2.16.bin,2013-11-07
TEW-MFP1.bin,2011-09-27
TEW-711BRV1_FW1.00B31.bin,2012-01-19
TEW639GRv3_v3.1.1.0.bin,2012-06-15
TEW634GRUA1_FW100B23.bin,2009-06-04
TEW731BRV1_FW102B05.bin,2014-06-27
TEW-691GR_v1.1.2.0.bin,2012-08-21
TEW-691GR_v1.0.0.35.bin,2011-03-22
TEW-811DRU_v1.0.2.0.bin,2013-05-09
TEW-691GR_v1.0.0.0.bin,2010-05-26
TEW-637APv2_v1.3.0.82.bin,2009-06-11
TEW-639GRv2_v2.0.0.55.bin,2010-11-05
TEW-818DRU_v1.0.6.0.bin,2014-03-07
TEW-654TRA1_FW110B24.bin,2014-05-13
TEW-631BRPv2_v1.0.3.5.bin,2007-10-31
tew-450apb_A1_300_0002_nml.bin,2007-07-31
TEW430APB_FW211b01_nml.bin,2008-10-08
TEW817DTRV1_FW102B01.bin,2018-01-04
TEW-654TRA1_FW10201.bin,2010-03-26
TEW-637AP_v1.2.0.26.bin,2009-04-10
TEW632BRPA1_FW110B30.bin,2010-11-10
TEW-652BRP_R1_FW200B16_nml.bin,2009-09-25
20111125_Trendnet_TW100-BRV214_1.00.02.bin,2011-11-29
TEW651BRA1_FW201B05.bin,2011-02-11
trendnet-818dru-webflash.bin,2014-03-27
TEW-812DRUv2_v2.0.2.0.bin,2013-10-22
TEW823DRU_FW100B37.bin,2014-11-04
TEW-631BRP_upgrade_v1.0.3.1_1020.bin,2006-10-22
TEW821DAP-FW106B10.bin,2017-09-16
TEW652BRPR1_FW200B0036.bin,2010-06-28
TEW731BRV1_FW103B01.bin,2015-06-06
TEW652BRP_FW200B28.bin,2010-03-12
TEW652BRPV3_FW303B01.bin,2014-07-31
luci-ar71xx-generic-tew-823dru-squashfs-factory.bin,2015-07-08
luci-ar71xx-generic-tew-823dru-squashfs-sysupgrade.bin,2015-07-08
TEW-639GR_v1.0.6.33.bin,2009-03-30
TEW-691GR_v1.0.1.0.bin,2012-04-26
TEW651BRV2_FW202B01.bin,2012-04-14
TEW-637APv2_v1.3.0.106.bin,2010-05-06
TEW821DAP_FW105b16.bin,2017-03-15
3001_TEW637APv3_v3.0.0.1.bin,2011-04-25
TEW824DRU_FW101B01.bin,2015-08-04
TEW-687GA_v1.0.0.0.bin,2010-12-17
TEW-647GA_v1.0.1.75.bin,2010-08-17
TEW637APv3_v3.0.4.0.bin,2012-03-13
TEW-828DRU_v1.0.6.0.bin,2015-10-19
TEW-631BRPv2V3_v1.0.4.0.bin,2009-06-10
TEW-828DRU_v1.0.5.0.bin,2015-08-26
TN_TEW-811DRU_v1.0.6.1.bin,2014-05-08
TEW712BR_FW100B10.bin,2012-07-20
20131106_Trendnet_TW100-BRV214_1.00.08.bin,2013-11-09
TEW432BRP_D1.2R_FW3.10B20.bin,2013-01-18
TEW637APv3_v3.0.0.0.bin,2011-04-20
429UB_v10151.bin,2005-08-23
TEW673GRUA1_FW100B40.bin,2010-08-27
20131030_TRENDnet_TEW-655BR3G_R1.09b10(V2.03r1).bin,2013-11-01
trendnet-812dru-webflash.bin,2014-01-10
TEW827DRU_FW103B02.bin,2018-01-16
TEW-654TRA1_FW110B20.bin,2012-05-22
TEW-639GRv2_v2.0.0.50.bin,2010-09-03
TEW-640MB_v1.0.0.0.bin,2010-12-03
TEW-638APBv3_v3.1.4.0.bin,2015-04-10
TEW-PS1U_Firmware_2.80.bin,2004-05-10
FM_TEW-753DAP-2-0-0.bin,2013-09-25
TEW-691GR_v1.1.3.0.bin,2013-11-14
TEW821DAP_FW200b010.bin,2018-05-09
TEW-812DRU_v1.0.13.0.bin,2014-08-15
TEW-812DRUV2_v2.1.0.0.bin,2015-04-09
TEW752DRU_FW103B01.bin,2015-04-24
TEW825DAP-FW101B07.bin,2017-03-24
3001_TEW-638APB_PAP_mixed_v1.2.7.bin,2010-04-02
3002_TEW651BR_FW200B12.bin,2010-11-11
TEW-690AP_v1.0.1.0.bin,2012-04-25
TEW673GRUA1_FW100B24.bin,2010-03-19
3001_TEW-631BRPv2v3_v1.0.3.7.bin,2008-01-17
TEW-822DRE_FW103B02.bin,2017-12-13
TEW-690AP_v1.0.0.8.bin,2011-05-26
TEW812DRU_v1.0.7.0.bin,2013-01-30
openwrt-ar71xx-generic-tew-823dru-squashfs-factory.bin,2015-06-23
TEW652BRPR1_FW200B0045.bin,2011-06-20
TEW827DRU_FW102B02.bin,2016-11-18
TEW751DR_FW103B01.bin,2015-04-24
TEW810DRV1_FW100B18.bin,2013-09-30
TEW827DRU_FW104B01.bin,2018-09-20
TEW-829DRU_v1.0.0.33.bin,2018-10-01
TEW733GR_FW100B15_d52g.bin,2013-05-02
TEW-811DRU_v1.0.10.0.bin,2015-07-16
TEW-818DRU_v1.0.8.0.bin,2014-03-28
TEW733GR_FW103B01.bin,2015-04-24
TEW-434APB_A1(1.01.b02).bin,2008-12-11
TEW652BRPA1_FW110B29.bin,2011-06-09
TEW813DRUV1_FW100B23.bin,2014-05-14
TEW-654TRA1_FW110B12.bin,2011-06-08
20111125_Trendnet_TEW-659BRV_1.00.02.bin,2011-11-29
TEW818DRU_v1.0.14.6.bin,2018-06-12
TEW824DRU_FW100B18.bin,2015-05-29
TEW823DRU_FW100B30.bin,2014-10-07
3001_TEW-691GR_v1.0.0.25.bin,2010-11-23
factory-to-ddwrt.bin,2015-08-23
TEW750DAP_FW100B14_d86d.bin,2013-08-07
TEW-812DRUv2_v2.1.1.0.bin,2015-06-29
TEW-829DRU_v1.0.0.21.bin,2018-05-18
TEW-692GR_v1.0.0.0.bin,2011-07-04
TEW-638APBv2_v1.1.10.bin,2009-09-16
3001_TEW755AP-FW107B07.bin,2017-11-28
3001_TEW755AP_FW102B06.bin,2017-01-20
3002_TEW755_821_825DAP-FW109B03.bin,2018-09-20
TEW652BRPV3_FW302B02.bin,2012-05-22
TEW651BR_FW100B0013.bin,2009-11-11
TEW-639GRv3_v3.1.3.0.bin,2012-08-27
TEW711BRV1_FW103B01.bin,2015-06-06
TEW823DRU_FW100B36.bin,2014-10-28
TEW-639GRv2_v2.0.0.0.bin,2010-03-01
TEW-680MB_v1.0.0.7.bin,2011-09-19
TEW-639GR_672GR_mixed_v1.0.9.178.bin,2010-09-08
TEW-692GR_v1.0.2.0.bin,2012-05-18
3001_TEW825DAP-FW102B05.bin,2017-10-19
TEW-638AP_v1.0.8.2.bin,2009-03-31
TEW732BR_FW101B10.bin,2013-09-24
TEW.631BRP_v1.0.3.2.bin,2007-08-20
TEW-654TR_A1_FW100B19.bin,2009-06-29
TEW639GRv3_v3.0.0.4.bin,2011-08-16
TEW731BRV1_FW100B29.bin,2012-03-27
3001_TEW825DAP-FW107B07.bin,2017-11-28
3002_TEW755_821_825DAP-FW107B07.bin,2017-11-28
3002_TEW755_821_825DAP-FW108B04.bin,2018-05-01
TEW-818DRU_v1.0.14.0.bin,2015-10-30
TEW824DRU_FW103B02.bin,2016-08-03
tew-432brp_2214_200_0012_nml.bin,2007-01-03
TEW-687GA_v1.0.1.0.bin,2012-07-30
TEW-430APB_FW212B02.bin,2009-10-19
TEW673GRUA1_FW100B21.bin,2010-01-06
TEW810DRV1_FW101B02.bin,2014-06-13
TEW731BRV2_FW200B08.bin,2014-05-21
TEW432BRP_D1.2R_FW3.10B13_nml.bin,2009-08-24
TEW-680MB_v1.0.1.0.bin,2011-11-30
TEW827DRU_FW100B11.bin,2015-11-18
TEW-650AP_v0.0.0.185.bin,2010-07-22
TEW827DRU_FW200B09.bin,2017-07-28
TEW652BRPV3_FW302B05.bin,2012-08-21
TEW-639GRv3_v3.1.7.0.bin,2015-05-15
TEW-736RE_v1.1.1.0.bin,2012-06-08
TEW821DAP-FW105B13.bin,2017-03-03
3001_TEW-636APB-1005.bin,2008-11-17
TEW-637APv3_v3.1.3.0.bin,2015-04-14
TEW732BR_FW102B03.bin,2014-07-15
TEW639GRv3_v3.1.2.0.bin,2012-07-27
TEW-637APv2_v1.3.0.84.bin,2009-09-16
TEW813DRUV1_FW101B03.bin,2014-12-06
TEW817DTRV1_FW100B06.bin,2015-01-30
