DCH-S160A2_FW123B03.bin,2018-01-02
DCH-S160_A2_FW122B03.bin,2017-06-30
dgl3420_firmware_102B66.bin,2007-11-05
dgl3420_firmware_100.bin,2005-01-03
dgl3420_firmware_101.bin,2005-02-11
dgl3420_firmware_103.bin,2007-12-10
dgl3420_firmware_102.bin,2007-04-30
DIR524UPAx_FW108B01.bix,2013-10-18
DIR524UPAx_FW108B02.bix,2013-12-02
dg104SH_runtime_b07.bin,2001-08-08
dg104SH_promcode_b02.bin,2001-07-25
dg104SH_Promcode_b13.bin,2002-10-21
dg104SH_runtime_b41.bin,2003-01-27
DSN-6200_REVA_1.3.0_201412160200.bin,2014-12-16
DAP-2360_revb-firmware-v207-rc043.bin,2017-07-10
DAP2360_REVB_FIRMWARE-v203-rc026.bin,2015-04-14
8D1C18EAD832A53_DAP2360b-firmware-v201-rc012.bin,2014-10-30
DAP-2360B-firmware-v202-rc021.bin,2015-02-05
DAP2360b-firmware-v200-rc006.bin,2014-05-09
DAP-2360_revb_firmware-v210-rc050.bin,2017-07-10
dap2360b_v2.10_g7dd_langpack_zhcn.bin,2017-07-10
DAP2360_REVA_FIRMWARE_112B073.bin,2015-05-06
DAP2360_FW_110.bin,2012-10-04
DAP2360_REVA_FW_v111-rc068.bin,2015-05-06
DAP2360-firmware-v100-rc016.bin,2010-12-03
DSPW115_A1_FW100b10-agent-b37.bin,2017-11-16
DAP1650_FW103WWb07.bin,2016-05-16
DAP-1650_REVA_FIRMWARE_1.02B02.bin,2014-03-31
2_21.bin,2004-10-21
dg102SP_runtime_b02.bin,2003-04-24
dg102SP_promcode_b02.bin,2003-04-24
FW_3573.bin,2013-01-02
FW_7610.bin,2013-01-02
FW_2870.bin,2013-01-02
FW_7601.bin,2013-01-02
FW_7662.bin,2015-11-19
Patch_7662.bin,2015-11-19
FW_3573.bin,2012-12-22
FW_7662.bin,2014-02-13
Patch_7662.bin,2013-12-25
FW_7610.bin,2013-12-20
FW_2870.bin,2011-09-05
FW_7601.bin,2013-08-22
FW_3573.bin,2015-11-19
FW_7662.bin,2015-11-19
Patch_7662.bin,2015-11-19
FW_7610.bin,2015-11-19
FW_2870.bin,2015-11-19
FW_7601.bin,2015-11-19
FW_3573.bin,2013-01-02
FW_7610.bin,2013-01-02
FW_2870.bin,2013-01-02
FW_7601.bin,2013-01-02
FW_7662.bin,2014-02-13
Patch_7662.bin,2013-12-25
FW_3573.bin,2013-01-02
FW_7610.bin,2013-01-02
FW_2870.bin,2013-01-02
FW_7601.bin,2013-01-02
FW_3573.bin,2013-01-02
FW_7610.bin,2013-01-02
FW_2870.bin,2013-01-02
FW_7601.bin,2013-01-02
rt2860.bin,2007-11-26
FW_3573.bin,2013-01-02
FW_7610.bin,2013-01-02
FW_2870.bin,2013-01-02
FW_7601.bin,2013-01-02
FW_3573.bin,2013-01-02
FW_7610.bin,2013-01-02
FW_2870.bin,2013-01-02
FW_7601.bin,2013-01-02
DAP-1120_REVA_FW_100B07.bin,2015-11-12
DAP1360B1_FW214B05.bin,2012-08-21
DAP1360B1_FW210B02_nml.bin,2019-12-28
dap1360_revB_FW_210.bin,2010-07-06
DAP-1360 B FW 2.11_2.11.bin,2011-06-08
DAP-1360 FW_V3.02NAB08.bin,2012-05-07
DAP1360C1_FW306B01.bin,2015-03-02
DAP-1360_REVC1_FW_v3.03B04.bin,2013-08-05
DAP-1360_A1_FW_v1.10B08.bin,2011-02-02
de1624.bin,2004-10-20
2_21.bin,2004-10-21
DAP-1610_A1_FW100b03.bin,2017-10-12
DAP-1610A1_FW102b02.bin,2018-03-01
DAP-1610_FW105B01.bin,2018-09-07
DES-3528_SERIES_FW_v3.00.012.had,2015-10-22
DES-3528_Series_PROM_v1.00.B008.had,2010-03-01
DES-3528_Series_FW_v2.01.B042.had,2010-03-01
DES-3528_Series_FW_v2.60.017.had,2010-09-01
DES-3528_52_R200B033.had,2009-04-28
DAP-1325_A1_FW101b02.bin,2018-01-23
DAP-1325A1_FW102b01.bin,2018-10-29
dap2555_FW_120.bin,2012-06-11
dap2555_FW_111.bin,2011-12-13
DAP2555-firmware-v110-rc010.bin,2011-02-16
dap2555_FW_100.bin,2011-02-03
dap2555_FW_101.bin,2011-02-03
des3526_firmware_501.had,2008-11-07
des3526_firmware_200B19.had,2004-10-26
des3526_firmware_401b19.had,2006-08-16
des3526_firmware_500b28.had,2008-03-06
des3526_firmware_501b52.had,2008-11-07
des3526_firmware_200B15.had,2004-10-21
des3526_BETAfirmware_300B14.had,2005-02-10
des3526_firmware_500b27.had,2007-11-06
DES3526_firmware_305B09.had,2005-11-15
des3526_firmware_200B08.had,2004-10-21
DES-3526_Runtime code_5.01.B65.had,2009-08-27
DES-3526_PROM code_5.00.011.had,2009-08-27
DES-3528_Series_FW_v2.60.017.had,2010-09-01
des3526_firmware_501B60.had,2009-04-30
dg102SH_promcode_b16.bin,2003-05-20
dg102SH_runtime_b43.bin,2003-06-13
DAP1620B1_FW201B09.bin,2019-06-13
DAP-1620_REVA_FW101B05.bin,2015-12-17
DAP1620_A1_FW103B08.bin,2016-03-06
DAP1620A1_FW104B04beta03.bin,2016-09-20
DAP1620A1_FW104B04.bin,2016-06-22
DAP1620A1_FW105B05.bin,2017-02-21
dg102s_promcode_b24.bin,2003-01-29
dg102s_runtime_b48.bin,2003-01-29
DGL5500A1_FW113B03_beta.bin,2014-12-19
DGL5500A1_FW113B04.bin,2015-01-22
DGL-5500_REVA1_FW_v1.12beta.bin,2013-11-18
dgl5500_firmware_101.bin,2013-07-31
DGL5500A1_FW113B02.bin,2014-10-22
FW v1.10b04_V1.10b04.bin,2013-09-04
DGL5500A1_FW112B05.bin,2014-06-03
DGL5500A1_FW111B03.bin,2013-10-23
DSPW118A1_FW100b18.bin,2019-04-24
DES30XXP_runtime_V1.00-B32.had,2007-07-02
des3028_3052_series_firmware_200b27.had,2009-01-14
DES-3028 & DES-3052 Series_A1_prom_v1.00.b06.had,2009-01-14
WifiAutoInstallSetup.pkg,2018-07-06
._WifiAutoInstallSetup.pkg,2018-07-06
Installer.pkg,2016-08-12
Uninstall.pkg,2016-04-29
dgl4300_firmware_100.bin,2004-12-13
dgl4300_firmware_13.bin,2005-03-18
dgl4300_firmware_14.bin,2005-07-29
DGL-4300_Firmware_15.bin,2005-09-23
dgl4300_firmware_12.bin,2005-02-23
dgl4300_Firmware_17.bin,2006-11-06
DGL4300_firmware_16.bin,2006-01-18
dgl4300_firmware_19.bin,2008-09-10
DHP-306AV_D1_FW_6.02b01.bin,2013-04-09
dxn221_FW_1570302.bin,2010-08-31
des3226SM_300B16.had,2004-10-21
des3226SM_firmware_401B36.had,2004-10-21
des3226SM_firmware_402B05.had,2004-10-21
des-3226SM_b21.had,2002-09-19
des3226SM_firmware_300B24.had,2004-10-21
des3226SM_firmware_401B21.had,2004-10-21
des3226SM_firmware_400B31.had,2004-10-21
des3226SM_firmware_401B33.had,2004-10-21
di1120i.bin,2004-10-21
Installer.pkg,2016-08-12
Uninstall.pkg,2016-04-29
Installer.pkg,2017-11-27
Uninstall.pkg,2017-04-19
Installer.pkg,2017-10-26
Uninstall.pkg,2017-04-19
layout.bin,2016-11-24
layout.bin,2016-11-24
Install.pkg,2019-05-03
Uninstall.pkg,2019-01-10
layout.bin,2016-11-24
DWA-130_Installer.pkg,2008-11-19
layout.bin,2007-09-21
des3828series_450.had,2008-08-20
DES3828R3_prom_0[1].00.010.had,2007-01-18
DES3828R3_3[1].00.B29.had,2007-01-18
des3828_firmware_400B55.had,2008-03-17
des3828_firmware_200B30.had,2007-01-10
DES-3828 FW R4.50.B58(1004114535).had,2014-04-08
des3828r3_3.00.b57.had,2007-07-17
DHPW306AVA1_FW101B04.bin,2010-08-09
DSN-6410_A2_FW_2.1.3.bin,2013-05-21
DSN-6410_A1_FW_2.1.2.bin,2012-12-11
des3216_firmware_225.bin,2004-10-21
CM_I_II_DES7200_V10.4(3)_R118208_CM(0708174258).bin,2011-07-13
CM_III_IV_DES7200_V10.4(3)_R118208_NOEC_CMII(0708174331).bin,2011-07-13
DES-7200_Series_Firmware_V10.3(5)_R76833_for_CM1_2.bin,2011-12-29
DES-7200_Series_Firmware_V10.3(5)_R76833_for_CM3_4.bin,2011-12-29
DGL4500_REVA2_FW_124WWB01.bin,2013-08-02
des3624_RuntimeCode_245.bin,2002-02-22
des3624i_promcode_210.bin,2002-02-22
RKP8D1_FW_1.01.01.bin,2006-10-02
RKP8D1_FW_1.00.14.bin,2006-06-05
DAP2690b-firmware-v316-rc0100.bin,2016-09-12
dap2690b-firmware-v3.01-rc050.bin,2014-01-16
DAP2690_revB_firmware-v320-rc106.bin,2017-07-06
DAP-2690B-firmware-v311-rc078.bin,2015-02-05
dap2690_FW_115.bin,2012-10-04
DAP2690-firmware-v102-rc020.bin,2010-12-14
de1800h_firmware.bin,2004-10-20
DI634M_firmware_201.bin,2006-01-18
di634m_firmware_200.bin,2005-08-12
des3350SR_firmware_302b12.had,2006-08-03
des3350SR_firmware_102034.had,2004-11-12
DES3326B39.had,2004-10-21
des3326_b37.had,2002-10-23
layout.bin,2002-10-31
dubc2_mac_driver_110.bin,2004-10-21
di1xa.bin,2004-10-21
DP601M_Firmware_210.bin,2000-02-29
Dp601m_210.bin,2004-10-21
COVRC1200A1_FW105b14.bin,2018-09-10
COVR-C1200_A1_FW103b10.bin,2018-06-19
dhp1320_firmware_101.bin,2012-02-06
DI604+A1_FW111WWB03.bix,2013-12-02
DI604+A1_FW111B02_WW.bix,2013-10-18
layout.bin,2004-07-28
Dp601m_210.bin,2004-10-21
DES-3200 HW AxBx FW R1.28.009.had,2013-11-13
._DES-3200 HW AxBx FW R1.28.009.had,2013-11-13
DES3200_RUNTIME_V4.05.004.had,2015-03-06
DES-3200 FW R4.04.004.had,2014-07-31
._DES-3200 FW R4.04.004.had,2014-07-31
DES-3200-26_28_C1_Run_v4.00.024.had,2012-03-02
DES-3200 HW AxBx FW R1.28.009.had,2013-11-13
._DES-3200 HW AxBx FW R1.28.009.had,2013-11-13
des3250TG_firmware_300b09.had,2004-10-21
DES3250tg100026.had,2003-01-13
des3250TG_firmware_200017.had,2004-10-21
des3250TG_firmware_100029.had,2004-10-21
des3250TG_firmware_300b5.had,2004-10-21
layout.bin,2010-11-24
layout.bin,2012-11-15
layout.bin,2010-09-02
layout.bin,2010-03-30
layout.bin,2015-09-02
layout.bin,2015-08-06
layout.bin,2015-10-15
layout.bin,2012-11-15
layout.bin,2011-04-21
layout.bin,2011-09-23
layout.bin,2012-11-15
des3550_firmware_401b19.had,2006-08-16
des3550_firmware_501b52.had,2008-11-07
DES3550_305B13.had,2005-05-16
des3550_firmware_200B19.had,2004-11-01
des3550_firmware_500B27.had,2007-11-19
des3550_firmware_200B08.had,2004-10-21
des3550_firmware_500b28.had,2008-03-06
des3550_BETAfirmware_300B14.had,2005-02-10
des3550_firmware_501B60.had,2009-03-30
DES-3528_Series_FW_v2.60.017.had,2010-09-01
DES-3550_Runtime code_5.01.B65.had,2009-08-27
DES-3550_PROM code_5.00.011.had,2009-08-27
DSN-6500_REVA_FIRMWARE_1.3.0_201412160200.bin,2014-12-16
DSL2740B_F1_NA_2.06_11192012.bin,2012-11-19
DSL-2740B_F1_v100NA.bin,2012-06-05
DES30XXP_runtime_V1.00-B32.had,2007-07-02
des3028_3052_series_firmware_200b27.had,2009-01-14
DES-3028 & DES-3052 Series_A1_prom_v1.00.b06.had,2009-01-14
DAP-1320_REVB_FIRMWARE_203B02.bin,2014-12-17
DAP1320B1_FW204B02.bin,2018-04-03
DAP1320C1_FW302B01.bin,2018-04-03
DAP1320C1_FW301B10.bin,2017-02-21
DAP-1320_REVA_FIRMWARE_1.21.B05.bin,2014-07-30
8D126DDA4633C2E_DAP1320A2_FW120B07.bin,2014-04-15
DAP1320A1_FW120B07.bin,2014-05-12
DAP1320_fw_1_11b10.bin,2013-09-20
DAP1320_firmware_110.bin,2013-07-17
DAP1320_firmware_100b24.bin,2013-07-17
DAP1320A2_FW121B01.bin,2014-05-17
dfba5_mac_driver_10.bin,2004-10-21
DAP2610-firmware-v101-rc017.bin,2017-05-01
dap2610-firmware-v101-beta28-rc048(0306165616).bin,2019-03-20
layout.bin,2012-11-22
FW_3573.bin,2016-04-12
FW_7610.bin,2016-04-12
FW_2870.bin,2016-04-12
FW_7601.bin,2016-04-12
FW_7662.bin,2016-04-12
Patch_7662.bin,2016-04-12
FW_3573.bin,2016-04-12
FW_7662.bin,2016-04-12
Patch_7662.bin,2016-04-12
FW_7610.bin,2016-04-12
FW_2870.bin,2016-04-12
FW_7601.bin,2016-04-12
FW_3573.bin,2016-04-12
FW_7662.bin,2016-04-12
Patch_7662.bin,2016-04-12
FW_7610.bin,2016-04-12
FW_2870.bin,2016-04-12
FW_7601.bin,2016-04-12
FW_3573.bin,2016-04-12
FW_7610.bin,2016-04-12
FW_2870.bin,2016-04-12
FW_7601.bin,2016-04-12
FW_7662.bin,2016-04-12
Patch_7662.bin,2016-04-12
DES-1210-08P-B1-3-12-B020_BETA.hex,2014-10-24
DES-1210-08P-B1-3-12-B061.hex,2018-08-01
DES-1210-08P_A1_2_03_B016_BETA.hex,2014-10-24
DES-1210-08P_A1_2_03_B024.hex,2017-02-03
DHP-500AV_FW_v102.bin,2013-02-13
di106MW_firmware_150.bin,2004-10-21
di106W_firmware_150.bin,2004-10-21
dap2553b_v3.00_rc005.bin,2014-12-30
dap2553b_v3.06_rc027.bin,2017-04-07
dap2553b_v3.10_rc031.bin,2017-04-07
DAP-2553_REVB_FW_v3.01_rc010.bin,2015-04-13
dap2553b_v3.23b01patchrc034_CS.bin,2018-04-19
dap2553_firmware_101.bin,2009-01-05
dap2553_v1.20_patch_rc076.bin,2018-04-12
DAP-2553_REVA_firmware-v131-rc071.bin,2017-07-10
DAP2553-firmware-v112-rc007.bin,2010-03-29
DAP-2553 FW-NEW_V1.25rc016.bin,2012-03-01
dap2553_FW_121.bin,2010-12-16
dap2553_fw_106.bin,2009-09-04
DAP2553-firmware-v130-rc055.bin,2013-11-22
DAP2553-firmware-v120-rc011.bin,2009-05-11
layout.bin,2003-08-04
rt3290.bin,2012-05-24
3290PCI4KB.bin,2012-05-24
rt2860.bin,2012-05-24
FW7650.bin,2014-10-02
rt3290.bin,2012-05-24
3290PCI4KB.bin,2012-05-24
rt2860.bin,2012-05-24
FW7650.bin,2014-10-02
rt3290.bin,2012-05-24
3290PCI4KB.bin,2012-05-24
rt2860.bin,2012-05-24
FW7650.bin,2014-10-02
rt3290.bin,2012-05-24
3290PCI4KB.bin,2012-05-24
rt2860.bin,2012-05-24
FW7650.bin,2014-10-02
rt3290.bin,2012-05-24
3290PCI4KB.bin,2012-05-24
rt2860.bin,2012-05-24
FW7650.bin,2014-10-02
rt3290.bin,2012-05-24
3290PCI4KB.bin,2012-05-24
rt2860.bin,2012-05-24
FW7650.bin,2014-10-02
rt3290.bin,2012-05-24
3290PCI4KB.bin,2012-05-24
rt2860.bin,2012-05-24
FW7650.bin,2014-10-02
rt3290.bin,2012-05-24
3290PCI4KB.bin,2012-05-24
rt2860.bin,2012-05-24
FW7650.bin,2014-10-02
rt3290.bin,2012-05-24
3290PCI4KB.bin,2012-05-24
rt2860.bin,2012-05-24
FW7650.bin,2014-10-02
rt3290.bin,2013-11-29
3290PCI4KB.bin,2013-11-29
rt2860.bin,2013-11-29
FW7650.bin,2013-12-22
DAP-1665 B1_v2.06b01_20190117.bin,2019-02-25
DAP1665_FW202WWb05_middle.bin,2018-04-19
DAP1665_FW200WWb19.bin,2017-03-31
DAP1665_FW203WWb03.bin,2018-05-29
DAP1665_FW203WWb02.bin,2018-04-19
DAP1665_A1_FW113B05.bin,2015-02-05
DAP1665_A1_A2_FW_V115B08.bin,2016-11-17
DAP1665_A1_FW111B05.bin,2014-05-06
DAP1665_A1_FW110B11.bin,2014-03-21
DAP1665_A1_FW100B15.bin,2013-10-23
DAP1665_A1_A2_FW_V116B01_WW.bin,2016-07-12
DAP1665_A1_FW114B06.bin,2016-11-17
des3828series_450.had,2008-08-20
DES3828R3_prom_0[1].00.010.had,2007-01-18
DES3828R3_3[1].00.B29.had,2007-01-18
des3828P_firmware_400B55.had,2008-03-17
des3828r3_3.00.b57.had,2007-07-17
DSN-6410_A2_FW_2.1.4.bin,2013-11-26
DSN-6410_A2_FW_2.1.3.bin,2013-05-21
DSN-6410_A1_FW_2.1.2.bin,2012-12-11
DES3226.had,2002-11-27
des3226_firmware_600113.bin,2004-10-21
DES3200_RUNTIME_V4.05.004.had,2015-03-06
DES-3200 FW R4.04.004.had,2014-07-31
._DES-3200 FW R4.04.004.had,2014-07-31
DES-3200-26_28_C1_Run_v4.00.024.had,2012-03-02
layout.bin,2016-03-22
DES30XXP_runtime_V1.00-B32.had,2007-07-02
des3028_3052_series_firmware_200b27.had,2009-01-14
DES-3028 & DES-3052 Series_A1_prom_v1.00.b06.had,2009-01-14
DES3200_RUNTIME_V4.05.004.had,2015-03-06
DES-3200 FW R4.04.004.had,2014-07-31
._DES-3200 FW R4.04.004.had,2014-07-31
DES-3200-26_28_C1_Run_v4.00.024.had,2012-03-02
layout.bin,2003-03-03
DAP3662-firmware-v100-rc015.bin,2015-02-23
DAP3662-firmware-v105-rc047.bin,2016-11-09
DAP3662-firmware-v101-rc022.bin,2016-11-09
rt3290.bin,2013-11-29
3290PCI4KB.bin,2013-11-29
rt2860.bin,2013-11-29
FW7650.bin,2013-12-22
rt3290.bin,2012-05-24
3290PCI4KB.bin,2012-05-24
rt2860.bin,2012-05-24
FW7650.bin,2014-10-02
rt3290.bin,2012-05-24
3290PCI4KB.bin,2012-05-24
rt2860.bin,2012-05-24
FW7650.bin,2014-10-02
rt3290.bin,2012-05-24
3290PCI4KB.bin,2012-05-24
rt2860.bin,2012-05-24
FW7650.bin,2014-10-02
rt3290.bin,2012-05-24
3290PCI4KB.bin,2012-05-24
rt2860.bin,2012-05-24
FW7650.bin,2014-10-02
DMS-1100-SERIES-V1-00-012-OS.hex,2018-01-12
Installer.pkg,2018-09-03
Uninstall.pkg,2018-05-15
Installer.pkg,2017-08-10
Uninstall.pkg,2017-04-19
Installer.pkg,2015-12-31
Uninstall.pkg,2015-11-05
Installer.pkg,2011-10-21
des3526dc_firmware_401b19.had,2006-08-16
DAP-1330_REVA_FW100B21.bin,2016-02-05
DAP1330_reva_FW101B04.bin,2017-08-22
DES3326SRM_firmware_403B09.had,2006-01-09
des3326SRM_firmware_401b36.had,2004-11-09
DES3326SRM_Firmware_401B39.had,2006-08-08
des3326SRM_firmware_401b33.had,2004-10-21
DES3326SRM_firmware_402B13.had,2005-09-02
des1316_firmware_101.hex,2005-01-19
layout.bin,2002-01-19
dap3525_firmware_v111beta03.bin,2014-08-15
dap3525_FW_101.bin,2011-12-12
DAP-3525 FW_v1.11.bin,2012-10-24
DNR-2020-04P_A1_V1.02.07.bin,2018-07-31
RKP8D1_FW_1.01.01.bin,2006-10-02
RKP8D1_FW_1.00.14.bin,2006-06-05
DNR-312L_A1_FW_V1.07.10.bin,2018-08-14
DNR-312L_A1_FW_V1.04.03.bin,2015-10-02
8D1A4865CAF5813_DNR-312L_A1_FW_V1.01.05.bin,2014-09-22
DNR-312L_A1_FW_V1.07.09.bin,2018-06-15
DNR-312L_A1_FW_V1.05.06.bin,2016-03-22
8D17AC7735F11B3_DNR-312L_A1_FW_V1.00.45.bin,2014-07-31
DNR-312L_A1_FW_V1.03.02.bin,2015-07-08
DNR-312L_A1_FW_V1.06.07.bin,2016-11-09
DES3200_RUNTIME_V4.05.004.had,2015-03-06
DES-3200 FW R4.04.004.had,2014-07-31
._DES-3200 FW R4.04.004.had,2014-07-31
DES-3200-26_28_C1_Run_v4.00.024.had,2012-03-02
DES-1252_A1_Firmware_v1.10.12.hex,2008-06-09
DES-1252_A1_Firmware_v1.00.13.hex,2007-11-27
DES-1252_A1_FW v1-00-07.hex,2006-09-05
DES-1252_A1_1_10_13.bin,2008-07-21
DES-1252_A1_FW_v1.10.13.hex,2008-07-21
CM_I_II_DES7200_V10.4(3)_R118208_CM(0708174258).bin,2011-07-13
CM_III_IV_DES7200_V10.4(3)_R118208_NOEC_CMII(0708174331).bin,2011-07-13
DES-7200_Series_Firmware_V10.3(5)_R76833_for_CM1_2.bin,2011-12-29
DES-7200_Series_Firmware_V10.3(5)_R76833_for_CM3_4.bin,2011-12-29
DES-3810 A1 FW R2.20B015(1022151537).had,2014-04-10
DES-3810 A1 FW R2.20.010.had,2014-04-10
DSM622H_firmware_226.bin,2005-07-19
dg104S_runtime_b35.bin,2002-07-25
dg104S_promcode_b14.bin,2002-06-25
dg104SH_Promcode_b13.bin,2002-10-21
dg104SH_runtime_b41.bin,2003-01-27
dg104S_runtime_b35.bin,2002-07-25
dg104S_promcode_b14.bin,2002-06-25
des3205_firmware_533.bin,2004-10-21
dpg321revB_firmware_200.bin,2006-04-19
DES-1210-52_B1_v3.12.015.hex,2014-08-19
DES-1210-52-B1-3-12-B020_BETA.hex,2014-10-24
DES-1210-28P_B1_FIRMWARE_3.10.011.hex,2013-09-27
DES-1210-52-B1-3-12-B061.hex,2018-08-01
DES-1210-52_C1_FW_v4.00.064.hex,2015-06-23
DES-1210-52-C1-4-10-004.hex,2017-07-17
DES-1210-52-REVC_4-00_042.hex,2015-03-31
DES-1210-52-C1-4-10-B045.hex,2018-06-11
DES-1210-52_A1_2_03_B016_BETA.hex,2014-10-24
des121052_fw_202A005.hex,2012-07-26
DES-1210-52_A1_FW_v2.00.011.hex,2010-11-04
DES-1210-52_A1_1.00.018.hex,2010-05-13
DES-1210-52_A1_2_03_B024.hex,2017-02-03
DAP-3320_FW_v1.01-rc014.bin,2016-07-20
DAP2695-firmware-v116-rc053.bin,2016-11-21
dap2695_v1.20_g7tb_langpack_zhcn.bin,2017-06-22
DAP-2695-firmware-v111-rc044.bin,2015-02-05
DAP2695-firmware-v120-rc075.bin,2017-06-22
DAP2695_REVA_FIRMWARE_1_10_RC035.bin,2014-10-07
DAP2695-firmware-v120-beta31-rc119(0116145840)(0117155536).bin,2019-02-01
DAP-2695_FIRMWARE_1.00RC015.bin,2014-01-06
des3205F_firmware_533.bin,2004-10-21
DSMG600_firmware_100.bin,2005-07-12
DSMG600_firmware_101.bin,2005-11-02
layout.bin,2003-07-02
layout.bin,2002-09-20
DHP540A2_FW102b03.bin,2011-07-22
des3224+_firmware_231.bin,2004-10-21
layout.bin,2016-03-22
DNR-322L_B1_V3.02.04.bin,2018-11-26
DNR-322L_B1_V3.01.04.bin,2016-12-28
DNR-322LT_v3.2.7BETA.bin,2018-09-13
DNR-322L_Device_Pack_V2.0.25_20161227.bin,2017-03-21
DLINK_DNR-322.2.10b02(2.10.0612.2014).bin,2014-06-12
DNR-322L_FW_130b.bin,2012-12-10
DLINK_DNR-322L.1.40b01(1.16.1219.2012).bin,2012-12-19
DNR-322L_Ax_v2.60b15.bin,2019-03-05
layout.bin,2015-10-05
layout.bin,2013-09-26
DCHM225_FW105b01.bin,2016-07-01
DCHM225_FW100b27.bin,2014-03-04
DSL-2680_A1_FW_EU_1.03.bin,2010-11-15
DAP2565-firmware-v100-rc005.bin,2011-11-02
DAP2565-firmware-v111rc007.bin,2013-06-19
DHP1565A1_FW101B10.bin,2012-03-15
DES-1210-28P-B1-3-11-001.hex,2014-05-20
DES-1210-28P_B1_v3.12.015.hex,2014-08-19
DES-1210-28P-B1-3-12-B060.hex,2018-07-23
DES-1210-28P-B1-3-12-B020_BETA.hex,2014-10-24
DES-1210-28P_B1_FIRMWARE_3.10.011.hex,2013-09-27
DES-1210-28P-B1-3-12-B061.hex,2018-08-01
DES-1210-28P-C1-4-00-050.hex,2015-03-20
DES-1210-28P_C1_FW_v4.00.064.hex,2015-06-23
DES-1210-28P-C2-4-12-016.hex,2017-07-17
DES-1210-28P-C2-4-12-B045.hex,2018-06-11
DES-1210-28P_A1_2_03_B016_BETA.hex,2014-10-24
des121028P_fw_202A005.hex,2012-07-26
DES-1210-28P_A1_2_03_B024.hex,2017-02-03
DES-1210-28P_A1_FW_v2.00.011.hex,2010-11-04
DGL4100_firmware_16.bin,2006-01-18
dgl4100_firmware_12.bin,2005-02-01
dgl4100_firmware_14.bin,2005-07-29
dgl4100_firmware_17.bin,2006-11-02
DGL-4100_firmware_15.bin,2005-09-23
dgl4100_firmware_13.bin,2005-02-23
DAP2330-firmware-v100-rc008.bin,2014-06-02
8D1C18E845FCFF3_DAP2330-firmware-v101-rc014.bin,2014-10-30
DAP2330-firmware-v102-rc017.bin,2015-02-12
DAP-2330_REVA_firmware-v106-rc020.bin,2016-01-13
DES-1210-28_B1_FW_v3.12.015.hex,2014-08-19
DES-1210-28-B1-3-12-B020_BETA.hex,2014-10-24
DES-1210-28P_B1_FIRMWARE_3.10.011.hex,2013-09-27
DES-1210-28-B1-3-12-B061.hex,2018-08-01
DES-1210-28_C1_FW_v4.00.064.hex,2015-06-23
DES-1210-28-C1-4-10-004.hex,2017-07-17
DES-1210-28_C1_FW_v4.00.042.hex,2015-03-19
DES-1210-28-C1-4-10-B045.hex,2018-06-11
des121028_fw_202A005.hex,2012-07-26
des121028_FW_201002.hex,2011-08-11
des121028_FW_200011.hex,2011-04-13
des121028_fw_201014.hex,2012-03-13
DES-1210-28_A1_2_03_B016_BETA.hex,2014-10-24
DES-1210-28_A1_2_03_B024.hex,2017-02-03
DES-1210-28_A1_1_00_021.hex,2010-09-02
DAP-1520_A1_FW_109B01_beta04.bin,2016-08-15
8D17DF0AC178C93_DAP1520A1_FW104B02.bin,2014-08-04
8D126DC9FAD0380_DAP1520A1_FW102B04.bin,2014-04-15
DAP1520_A1_FW106B04.bin,2015-09-15
DAP1520A1_FW105B02.bin,2014-11-19
DAP1520A1_FW108B01.bin,2017-07-06
COVR-2600R_FW101b05_0911_txbfdisable(0911190427).bin,2018-09-14
COVR-2600R_FW101b05_beta01_hcr2.bin,2018-01-03
COVR-3902_ROUTER_v101b05.bin,2017-08-03
COVR-3902_EXTENDER_FW101b02.bin,2017-08-03
COVR-1300E_FW100b11.bin,2017-06-01
COVR-2600R_FW100b19.bin,2017-06-02
upgrade.bin,2008-08-13
des5200_firmware_231.bin,2004-10-21
TEPatch.bin,2004-10-20
layout.bin,2017-06-09
dpr1260_firmware_120.bin,2007-02-12
dpr1260_firmware_112.bin,2006-06-19
dpr1260_Firmware_124.bin,2008-05-29
06021603 dlinkDPR1260_upgrade.bin,2006-02-16
dpr1260_firmware_121.bin,2007-03-19
DSL-6740U_REVH1_1.01.19_12092013_BZ_.bin,2014-03-07
DSL-6740U_REVH1_BZ_1.01.19.bin,2013-12-10
Installer.pkg,2015-06-25
Uninstall.pkg,2015-06-18
Installer.pkg,2018-09-03
Uninstall.pkg,2018-05-15
Installer.pkg,2017-08-10
Uninstall.pkg,2017-04-19
Installer.pkg,2015-12-31
Uninstall.pkg,2015-11-05
dph100H_firmware_b08.bin,2002-11-14
dfl100_firmware_224.bin,2004-10-21
u-boot.bin,2007-12-12
des3226L_firmware_2012.had,2004-10-21
des3226L_firmware_2013.had,2004-12-20
8D11BEA8F681F32_DHPW310AVA1_FW104b01.bin,2014-04-02
DHP-W310AV_REVA1_FIRMWARE_1.01B09.bin,2013-08-27
DHPW310AVA1_FW103b01.bin,2014-01-16
DSN-6110_A1_FW_2.1.3.bin,2013-05-21
DLINK_DSN-6000_2.1.0_201109142000.bin,2011-09-27
DSN-6110_A1_FW_2.1.2.bin,2012-12-11
DSN-6110_A2_FW_2.1.4.bin,2013-11-26
DAP2680-firmware-v100-rc011.bin,2019-06-26
Di1100.bin,2004-10-21
Di1100i.bin,1996-12-05
COVRP2500A1_FW101b08.bin,2018-09-17
dp301u_firmware_210.bin,2007-10-01
dp301u_v200_build_3.bin,2005-06-21
des3828series_450.had,2008-08-20
DES3828R3_prom_0[1].00.010.had,2007-01-18
des3852_firmware_400B55.had,2008-03-17
DES3828R3_3[1].00.B29.had,2007-01-18
DES-3852 FW R4.50.B58(1003171048).had,2014-04-08
des3828r3_3.00.b57.had,2007-07-17
DSP-W110_B1_FW204b04.bin,2016-06-03
DSP-W110_B1_FW205b01.bin,2019-12-28
DSP-W110_A2_FW123B02.bin,2019-12-28
DSP-W110A2_FW123B02_BETA.bin,2019-12-28
DSP-W110_A2_FW122B03.bin,2017-06-30
DAP3690_FW_100.bin,2012-05-29
dap3690_firmware_v1.10_rc064.bin,2014-12-30
DES-3552_SERIES_FW_v3.00.012.had,2015-10-22
DES-3528_Series_FW_v2.60.017.had,2010-09-01
DES-1228 Rev.A1_1.00.07.hex,2007-12-11
DES-1228_A1_Firmware_v1.00.19.hex,2007-11-26
DES-1228_A1_Firmware_v1.10.11.hex,2008-06-09
DES-1228_A1_FW_1.11.02.hex,2010-01-14
DES-1228_A1_Boot_v1.10.12.bin,2008-07-21
DES-1228_A1_FW_v1.10.12.hex,2008-07-21
DAP-3520-firmware-v115-rc039.bin,2013-02-07
DAP3520-firmware-v103-rc004.bin,2010-12-14
dap3520_fw_100.bin,2009-08-20
DAP3520-firmware-v102-rc003.bin,2010-04-01
layout.bin,2002-12-22
DSN-6200_REVA_1.3.0_201412160200.bin,2014-12-16
DES30XXP_runtime_V1.00-B32.had,2007-07-02
des3028_3052_series_firmware_200b27.had,2009-01-14
DES-3028 & DES-3052 Series_A1_prom_v1.00.b06.had,2009-01-14
DSN-6110_A1_FW_2.1.3.bin,2013-05-21
DSN-6110_A1_FW_2.1.2.bin,2012-12-11
dap2590_firmware_100.bin,2008-08-05
dap2590_FW_125.bin,2012-10-04
DAP2590-firmware-v110-rc007.bin,2009-05-19
DAP2590-firmware-v113-rc024.bin,2010-03-09
DAP-2590_v1.20rc039.bin,2011-09-22
dph100M_firmware_b12.bin,2003-03-06
FW_7662.bin,2014-11-28
Patch_7662.bin,2014-07-24
FW_7662.bin,2016-03-09
Patch_7662.bin,2016-03-09
FW_3573.bin,2014-05-07
FW_7662.bin,2014-11-28
Patch_7662.bin,2014-07-24
FW_7610.bin,2014-05-07
FW_2870.bin,2014-05-07
FW_7601.bin,2014-05-07
FW_3573.bin,2016-03-09
FW_7662.bin,2016-03-09
Patch_7662.bin,2016-03-09
FW_7610.bin,2016-03-09
FW_2870.bin,2016-03-09
FW_7601.bin,2016-03-09
FW_7662.bin,2014-12-06
Patch_7662.bin,2014-03-15
FW_3573.bin,2014-05-07
FW_7662.bin,2014-11-28
Patch_7662.bin,2014-07-24
FW_7610.bin,2014-05-07
FW_2870.bin,2014-05-07
FW_7601.bin,2014-05-07
FW_7662.bin,2014-11-28
Patch_7662.bin,2014-07-24
FW_3573.bin,2014-05-07
FW_7662.bin,2014-11-28
Patch_7662.bin,2014-07-24
FW_7610.bin,2014-05-07
FW_2870.bin,2014-05-07
FW_7601.bin,2014-05-07
FW_7662.bin,2014-12-06
Patch_7662.bin,2014-03-15
FW_7662.bin,2014-11-28
Patch_7662.bin,2014-07-24
FW_7662.bin,2014-12-06
Patch_7662.bin,2014-03-15
FW_7662.bin,2014-12-06
Patch_7662.bin,2014-03-15
des3224_firmware_231.bin,2004-10-21
des3224_firmware_225.bin,2004-10-21
DNR-326_Ax_v2.70b04.bin,2019-03-05
DNR326_FW_120b02.bin,2012-12-07
DNR-326_2.2.3_19448_20161215_2228.bin,2017-03-20
layout.bin,2015-12-17
DSN-6500_REVA_FIRMWARE_1.3.0_201412160200.bin,2014-12-16
DES-3528_SERIES_FW_v3.00.012.had,2015-10-22
DES-3528_Series_PROM_v1.00.B008.had,2010-03-01
DES-3528_Series_FW_v2.01.B042.had,2010-03-01
DES-3528_Series_FW_v2.60.017.had,2010-09-01
DES-3528_52_R200B033.had,2009-04-28
DSM624H_firmware_226.bin,2005-07-19
DAP1720Ax_FW100b14.bin,2016-12-12
DAP1720Ax_FW101b02.bin,2017-06-19
layout.bin,2000-09-06
DSP-W215B2_FW223B02.bin,2018-05-08
DSPW215A1_FW126B03.bin,2018-01-24
DSPW215A2_FW124B01.bin,2016-03-02
DSP-W215Ax_FW125B03.bin,2017-07-20
de2200lf.bin,2004-10-20
dsm604H_firmware_105.bin,2004-10-21
dsm604H_firmware_114.bin,2005-01-18
dsm604H_firmware_100m.bin,2004-10-21
dsm604H_firmware_110.bin,2004-10-21
DCH-S150_B1_FW202B04.bin,2016-08-15
DCHS150A2_FW123B01.bin,2018-05-31
DCH-S150_A2_FW122B06.bin,2017-06-30
8D1C18E5D0178D3_dap2310B-firmware-v201-rc013.bin,2014-10-30
DAP-2310B-firmware-v202-rc019.bin,2015-02-05
DAP2310B-firmware-v210-rc036.bin,2016-11-11
DAP2310B-firmware-v206-rc029.bin,2016-11-11
DAP2310_REVB_FW_v203-rc023.bin,2015-05-07
DAP2310B-firmware-v200-rc006.bin,2014-05-09
DAP2310_FW_110.bin,2012-05-29
DAP2310_FW _115.bin,2012-10-04
dap2310_v1.16_dbfd_langpack_zhcn.bin,2013-11-15
DAP2310-firmware-v116-rc028.bin,2013-11-15
DCH_S220_A2_FW122B03.bin,2017-06-30
DLINK_DNS320L(LW).1.03b04(3.07.0904.2013).bin,2013-09-04
DLINK_DNS320L(LW)_A3(A2)_FW_v1.02.bin,2013-03-29
DAP1860A1_FW104B01.bin,2018-06-29
DAP1860A1_FW101B06.bin,2016-10-25
DAP1860A1_FW100B36.bin,2016-09-26
DAP1860A1_FW102B01.bin,2017-07-06
DAP2660_REVA_FW_v111-rc046.bin,2016-03-07
DAP2660-firmware-v113-rc074.bin,2016-12-13
DAP2660-firmware-v115-rc093.bin,2016-12-13
DAP2660-firmware-v100-rc010.bin,2014-04-01
DAP-2660-firmware-v106-rc025.bin,2015-02-05
DAP2660_REVA_FW_v110-rc043.bin,2016-01-18
8D1C276346C64FD_DAP2660-firmware-v105-rc016.bin,2014-10-30
dap2660_v1.15_g7te_langpack_zhcn.bin,2016-12-13
dap2660-firmware-v115-beta36-rc131(1127102624)(1128180340).bin,2019-01-07
dap2660-firmware-v115-beta36-rc131(1127102624)(1128180340).bin,2019-01-07
de1400.bin,2004-10-20
de1612.bin,2004-10-20
de1612.bin,2004-10-20
des1228P_firmware_11001.hex,2007-01-14
DES1228P v1.10.02.hex,2007-04-25
des1228P_revA2(ONLY)_beta_firmware_13017.hex,2008-10-31
DES1228P-V1.20.09.hex,2007-10-30
DES-1228P_A1_FW_v1.20.12.hex,2007-11-26
DES1228P Firmware v1.20.08.hex,2007-07-09
des1228P_firmware_13101.hex,2008-12-15
DES-1228P_A1_FW_v1.30.13.hex,2008-07-21
DES-1228P_A1_1_30_13.bin,2008-07-21
DES-1228P_A2_1.31.02.hex,2010-02-24
dap1562_FW_100.bin,2010-12-16
dap1562_FW_110.bin,2011-06-21
di300MW_firmware_150.bin,2004-10-21
di300W_firmware_150.bin,2004-10-21
DCHS161A1_FW103b02.bin,2019-03-26
Pt324.bin,2004-10-20
COVR2200Ax_FW103b10.bin,2019-06-28
COVR2200Ax_FW101b13.bin,2018-10-03
COVR2200Ax_FW102b06.bin,2018-12-17
COVR2200Ax_FW102b03.bin,2018-12-04
COVR2200Ax_FW102b01beta3.bin,2018-10-16
COVR2200Ax_FW102b08.bin,2019-01-14
USB_Card_Support_1.4.1.smi.bin,2001-08-29
DNR-202L_A2_V2.04.03.bin,2016-08-05
DNR-202L_A1_FW_V1.00.21(NA).bin,2013-07-25
DNR-202L_A1_V2.03.02.bin,2016-06-14
DNR-202L_A1_FW_V1.01.00(NA).bin,2014-05-12
DNR-202L_A1_V2.00.11.bin,2015-07-03
DNR-202L_A1_V2.02.00.bin,2015-09-22
DNR-202L_A1_V2.05.07.bin,2019-02-22
update.bin,2008-08-18
dpg310revB_firmware_200.bin,2006-04-19
dpg310_firmware_110.bin,2004-10-21
dpg310_v140.bin,2005-01-29
des3205T_firmware_610.bin,2004-10-21
dp311U_firmware_200.bin,2004-10-21
1140v136.bin,2004-10-21
dsm602H_firmware_114.bin,2005-01-13
dsm602H_firmware_105.bin,2004-10-21
dsm602H_firmware_110.bin,2004-10-21
dsm602H_firmware_100m.bin,2004-10-21
des5016_firmware_225.bin,2004-10-21
des5016_firmware_231.bin,2004-10-21
6500rU_CPU_FW_1-40-B03.had,2005-03-31
DES-6500 Series_Firmware_v3-01-B01(6500rU_3-01-B01).had,2006-07-28
6500rU_3[1].50-B11.had,2007-01-31
6500rS_3[1].02-B04.had,2006-11-16
DES-6500 Series_Firmware_v3-01-B01(6500rS_3-01-B01).had,2006-07-28
6500rS_Line_FW_1-40-B03.had,2005-03-31
6500rS_3[1].50-B11.had,2007-01-31
6500rU_3[1].02-B04.had,2006-11-16
DES-6500_Series_FW_v3.60.B02.had,2009-03-11
