MPS47-fast-S-9.08.47S-0021-788.bin,2011-05-04
FER1200_V1.0_1.0.2_Build_20190328_Rel.78723.bin,2019-03-28
FIAP300D_V1.0_1.0.5_Build_20180912_Rel.42819.bin,2018-09-12
FIAP301P V1.0.bin,2018-09-12
FIAP300P_V2.0_1.0.5_Build_20180912_Rel.42394.bin,2018-09-12
FIAP301D V2.0.bin,2018-09-12
FIAP1201GP V1.0.bin,2018-04-10
FER450 v1.0.bin,2017-09-14
FIAP303Pv1.bin,2017-09-27
FIAP300D V1.0.bin,2017-07-11
ap_db_cn_1.0.17.bin,2017-07-11
FER1200G V1.0.bin,2017-09-12
FER2100G_V1.0_1.0.1_Build_20181008_Rel.42047.bin,2018-10-09
FIAP300L V2.0.bin,2018-09-12
fd890gv2_cn_1_0_1_up_boot(090828).bin,2009-08-28
FIAP303P V1.0.bin,2018-09-12
FIAP300Pv2.bin,2017-09-27
FIAP301D V1.0.bin,2017-07-11
FIAP300Dv1.bin,2017-09-27
FER1200G_V1.0_1.0.2_Build_20181030_Rel.61522.bin,2018-10-31
FER1200G_V1.0_1.0.2_Build_20190815_Rel.81524.bin,2019-08-29
FIAP303P V1.0.bin,2017-07-11
TL-AP303I-PoEv1.bin,2017-07-01
FIAP300L V1.0.bin,2018-09-12
FER1200G_V1.0_1.0.2_Build_20190328_Rel.77824.bin,2019-03-28
FER1200 V1.0.bin,2017-09-14
FIAP301D V1.0.bin,2018-09-12
fd885v1_(091209).bin,2009-12-09
fd890gv2.bin,2009-12-09
FIAP301P V2.0.bin,2018-09-12
FIAP303P V2.0.bin,2018-09-12
FER1200_V1.0_1.0.2_Build_20180921_Rel.39435.bin,2018-09-21
FIAP300P V2.0.bin,2017-07-11
FIAP1201GP_V1.0_1.0.2_Build_20181127_Rel.38361.bin,2018-11-27
FIAP301P V1.0.bin,2017-07-11
FIAP300P_V3.0_1.0.2_Build_20180912_Rel.43246.bin,2018-09-12
fd890gv2.bin,2009-12-21
fd885v1.bin,2009-12-21
FIAP300P V3.0.bin,2018-04-08
FER1200G_V1.0_1.0.2_Build_20180921_Rel.42679.bin,2018-09-29
FIAP301Dv1.bin,2017-09-27
FIAP301Pv1.bin,2017-09-27
FIAP300D V2.0.bin,2018-09-12
FER2600G_V1.0_1.0.1_Build_20181008_Rel.42876.bin,2018-10-11
