FW_TV-IP512P_TV-IP512WN_1.0.0_2913.bin,2009-04-14
FW_TV-IP110-F_1.1.2-5_20130325_r1252.pck,2013-04-24
FW_TV-IP110CWN_1.2.2-66_20120302_r578.pck,2012-11-06
FW_TV-IP410_1.1.1-50_20120201_r1108.pck,2012-02-01
update_TV-IP572P_TV-IP572W_1.1.3_5607.bin,2015-10-16
FW_TV-IP672P_TV-IP672W(v.1.1.0).bin,2013-06-21
FW_V1.03.54_20171211_133921.bin,2017-12-11
FW_TV-IP410WN_1.1.1-21_20130326_r1252.pck,2013-04-17
FW_V1.2.24_20180316_103523.bin,2018-03-19
FW_TV-IP110CWN_1.2.2-68_20130325_r1014.pck,2013-04-08
update_TV-IP612P_1.0.0_4725.bin,2010-10-01
FW_TV-IP672PI_TV-IP672WI(1.1.1).bin,2013-08-21
FW_TV-IP312_1.1.1-59_20120204_r1134.pck,2012-02-06
digicap.dav,2019-04-09
tvip851wc_v1.03.03.bin,2015-10-12
update_TV-IP743SIC_1.0.3_5330.bin,2015-09-01
update_TV-IP602_TV-IP602WN_1.0.2_7816.bin,2013-05-20
tvip651wi_v101_01.bin,2012-03-16
update_TV-IP522P_1.0.1_4612.bin,2010-08-20
FW_TV-IP562WI_1.0.3_4919.bin,2015-03-27
FW_TV-IP311PI-5.1.7.dav,2014-07-04
344_345_8139_V1.2.10_20170901.bin,2017-09-05
FW_TV-IP672P_TV-IP672W_1.1.2_3725.bin,2014-04-10
TE100-MP2U_v2.60.bin,2010-02-11
FW_TV-IP612P_TV-IP612WN_1.0.4_8705.bin,2015-01-05
FW_TV-IP651W(v1.05.04)_040913.bin,2013-03-28
FW_TV-IP572PI_TV-IP572WI_v1.1.0_2728.bin,2013-05-28
FW_TV-IP862IC(1.0.0).bin,2013-10-16
tvip751wic_v100_01.bin,2012-09-07
update_TV-IP572PI_TV-IP572WI_1.0.0_1412.bin,2012-04-24
tvip851wic_v1.03.03.bin,2015-10-12
FW_TV-IP751WC(v1.01.01)_032813.bin,2013-03-28
Firmware_TV-IP344PI_345PI(1.2.8).bin,2017-08-17
FW_TV-IP110W-F_1.1.1-8_20120203_r1123.pck,2012-02-06
FW_TV-IP110CWN_1.2.2-64_20120201_r571.pck,2012-02-02
TRENDnet_V111_EU_20140110.bin,2014-01-10
FW_TV-IP322P_1.0.2_20130510_r4121.pck,2013-05-10
FW_TV-IP662PI_TV-IP662WI_(1.0.2_4304).bin,2014-10-14
FW_TV-IP342PI_343PI(1.03.49).bin,2016-08-05
TV-IP662PI_TV-IP662WI_1.0.1_3523.bin,2014-01-28
FW_TV-IP110_1.1.1-71_20120203_r1119.pck,2012-02-03
TRENDnet_V115_US_20160524.bin,2016-05-24
FW_TV-IP322P_1.0.4-26_20140409_r4308.pck,2014-04-10
tvip551w_v106_08.bin,2014-03-11
FW_TV-IP212W_1.0.0-37_20081215.pck,2008-12-18
tvip551w_v101_01.bin,2012-03-16
tvip651wi_v103_01.bin,2012-08-16
FW_TV-IP311PI-5.0.0.dav,2014-01-20
FW_TV-IP672PI_TV-IP672WI_1.1.2_3725.bin,2014-04-10
tvip551wi_v101_01.bin,2012-03-16
firmware.bin,2017-08-02
FW_TV-IP121W-F_1.1.1-4_20120203_r1123.pck,2012-02-03
FW_TV-IP262P_1.0.4-30_20140409_r4308.pck,2014-04-10
FW_TV-IP851WC(v1.01.01)_040913.bin,2013-03-28
FW_TV-IP121W-F_1.1.1-5_20130325_r1252.pck,2013-04-25
FW_TV-IP751WIC_v1.03.03.bin,2015-10-12
FW_TV-IP745SIC_1.0.3_5330.bin,2015-10-23
FW_TV-IP410WN_1.1.1-20_20120202_r1109.pck,2012-02-02
FW_TV-IP310PI-5.1.6.dav,2014-06-19
tvip651wi_v1.07.01.bin,2015-10-07
tvip651w_v102_02.bin,2012-04-27
FW_TV-IP862IC_1.0.2_4919.bin,2015-03-26
TS-S402_FW_2_00_13.bin,2013-11-12
FW_TV-VS1P_1.0.1-11_20120204_r3763_ref3625.pck,2012-02-08
FW_TV-IP572PI_TV-IP572WI(11.1.1).bin,2013-08-15
tvip651w_v104_01.bin,2012-11-28
FW_TV-IP422W_1.1.1-97_20130321_r1252.pck,2013-03-27
FW_TV-IP410WN_1.1.2-22_20130924_r1287.pck,2013-10-02
FW_TV-IP562WI_1.0.4_5330.bin,2015-08-12
FW_TV-IP312WN_1.1.1-33_20120206_r1135.pck,2012-02-06
TV-IP342PI_V1.03.38_20140820_103110.bin,2014-09-02
FW_TV-IP252P_1.1.1-80_20130226_r1252.pck,2013-02-27
FW_TV-IP342PI_TV-IP343PI_(V1.03.44)_20151109_155653.bin,2015-12-10
FW_TV-IP322P_1.0.1-21_20130305_r3967.pck,2013-03-11
FW_TV-IP312W_1.1.1-75_20130322_r1252.pck,2013-04-03
FW_TV-IP262P_1.0.1-25_20130305_r3967.pck,2013-03-11
FW_TV-IP751WC_v1.03.03.bin,2015-10-12
FW_TV-IP762IC_1.0.3_5330.bin,2015-08-03
FW_TV-IP320PI_5.1.7.dav,2014-10-29
FW_TV-IP262P_1.0.1-22_20120608_r3850.pck,2012-06-08
FW_TV-IP651WI(v.1.05.04)_040913.bin,2013-03-28
update_TV-IP672P_TV-IP672W_1.1.3_5607.bin,2015-10-16
update_TV-IP512P_TV-IP512WN_1.0.3_5514.bin,2011-06-17
FW_TV-IP851WIC(v1.01.01)_040913.bin,2013-03-28
FW_TV-IP410_1.1.1-51_20130326_r1252.pck,2013-04-17
FW_TV-IP212W_1.0.0-46_20090512.pck,2009-05-15
tvip651wi_v102_01.bin,2012-04-23
tvip651w_v1.07.01.bin,2015-10-07
FW_TV-IP302PI_V1.02.38_20160202.bin,2016-02-02
FW_TV-IP121CWN_1.2.2-28_20130326_r1014.pck,2013-04-02
FW_TV-IP110W_1.1.1-106_20130325_r1252.pck,2013-04-24
tvip751wc_v1.03.03.bin,2015-10-12
update_TV-IP743SIC_1.0.0_4130.bin,2014-07-30
FW_TV-IP212_1.0.0-73_20090514.pck,2009-05-15
tvip551w_1.07.01.bin,2015-10-07
tvip651wi_v106_08.bin,2014-03-11
FW_TV-IP121W_1.1.1-35_20120201_r1106.pck,2012-02-02
FW_TV-IP121CWN_1.2.2-24_20120223_r577.pck,2012-02-27
FW_TV-IP121WN_1.1.1-18_20120131_r1104.pck,2012-01-31
FW_TV-IP301_301W_1.23-66_20080930.bin,2008-10-02
update_TV-IP612P_1.0.2_7916.bin,2013-05-20
TE100-P11(v1.0.0D).bin,2009-01-22
TE100-MP2U_v2.50.bin,2009-02-06
update_TV-IP672P_TV-IP672W_1.0.2_2709.bin,2013-05-10
tvip551wi_v102_02.bin,2012-04-27
FW_TV-IP262PI_1.1.1_20130516_r4121.pck,2013-05-17
tvip551wi_v1.07.01.bin,2015-10-07
FW_TV-IP252P_1.1.1-73_20120202_r1118.pck,2012-02-02
FW_TV-IP672PI_TV-IP672WI(v.1.1.0).bin,2013-06-21
tvip551w_v102_02.bin,2012-04-27
tvip751wic_v1.03.03.bin,2015-10-12
FW_TV-IP320PI_5.1.6.dav,2014-08-01
TS-S402_FW_2_00_10.bin,2009-04-21
FW_TV-IP551W_V1(1.07.01).bin,2015-10-07
FW_TV-IP310PI-5.0.1.dav,2014-03-03
FW_TV-IP422_1.1.1-73_20130321_r1252.pck,2013-04-12
FW_TV-IP121CWN_1.2.2-26_20120420_r601.pck,2012-04-26
TRENDNET_TN200_1.04b06.bin,2015-07-22
update_TV-IP512P_TV-IP512WN_1.0.4_7816.bin,2013-05-20
FW_TV-IP110-F_1.1.2-4_20120203_r1120.pck,2012-02-06
TV-IP344PI_345PI (1.2.25).bin,2018-04-16
FW_TV-IP121CWN_1.2.1-17_20110722_r394.pck,2011-07-26
FW_TV-NVR104_v2.3.7.dav,2015-09-24
update_TV-IP572PI_TV-IP572WI_1.1.3_5607.bin,2015-10-16
FW_TV-IP110W_1.1.1-105_20120119_r1094.pck,2012-01-19
update_TV-IP522P_1.0.1_4904.bin,2010-11-15
FW_TV-IP851WC_v1.03.03.bin,2015-10-12
FW_TV-IP762IC_1.0.2_4919.bin,2015-03-25
zImage_NPF.bin,2008-11-26
tvip651wi_v104_01.bin,2012-11-28
FW_TV-IP762IC_V1(V1.0.0.3216).bin,2013-10-16
FW_TV-IP110CWN_1.2.2-65_20120223_r577.pck,2012-02-27
update_TV-IP743SIC_1.0.1_4219.bin,2014-08-19
FW_TV-IP110WN_V1_1.1.1-22_20120131_r1102.pck,2012-01-31
REMOTE_PACKAGE_2_20.bin,2009-04-07
FW_TV-IP212_1.1.1-78.pck,2012-02-07
FW_TV-IP262P_1.0.2_20130516_r4121.pck,2013-05-17
tvip651w_v101_01.bin,2012-03-16
FW_TV-IP321PI_5.1.7.dav,2014-10-29
FW_TV-IP322P_1.0.3-24_20131219_r4288.pck,2014-01-08
FW_TV-IP862IC_1.0.1_4311.bin,2014-10-14
FW_TV-IP301_2.00-68_20081222.bin,2009-02-11
FW_TV-IP311PI-5.1.8-150311.dav,2015-03-11
FW_TV-IP312_1.1.0-56_20110324_r1003.pck,2011-03-25
FW_TV-IP212W_1.1.1-51_20130322_r1252.pck,2013-04-17
FW_TV-IP422WN_1.1.1-26_20120203_r1123.pck,2012-02-03
update_TV-IP602_TV-IP602WN_1.0.1_5412.bin,2011-05-12
FW_TV-IP551WI(v105_04)_032813.bin,2013-03-28
FW_TV-IP312W_1.1.1-74_20120204_r1131.pck,2012-02-06
FW_TV-IP212_1.1.1-79_20120206_r1139.pck,2012-02-07
FW_TV-IP422W_1.1.0-89_20110212_r976.pck,2011-02-15
FW_TV-IP121WN_1.1.1-20_20130325_r1252.pck,2013-04-15
FW_TV-IP310PI-5.1.8-150311.dav,2015-03-11
FW_TV-IP422_1.1.1-71_20120203_r1122.pck,2012-02-03
FW_TV-IP201_W(v2.00-110).bin,2009-02-11
FW_TV-IP310PI-5.1.8.dav,2014-12-03
MediaConverter-2-03-ALL.hex,2016-04-05
REMOTE_PACKAGE_2_30.bin,2014-07-15
tvip851wc_v102_10.bin,2014-03-31
update_TV-IP522P_1.0.3_7923.bin,2013-05-28
FW_TV-IP862IC_1.0.3_5330.bin,2015-08-14
FW_TV-IP612P_612WN_1.0.0_4702.bin,2010-09-07
TS-S402_1_00_17.bin,2008-02-22
FW_TV-IP662PI_TV-IP662WI_1.0.3_4919.bin,2015-03-26
FW_TV-IP262PI_1.1.0-12_20120820_r3891.pck,2012-09-18
FW_TV-IP301_1.22-64.bin,2008-01-23
FW_TV-IP310PI-5.1.7.dav,2014-07-04
TS-S402_FW_2_00_09.bin,2009-04-07
FW_TPL-406Ev2.bin,2017-11-04
FW_TV-IP572P_TV-IP572W_1.1.2.bin,2014-04-07
tvip551w_v103_01.bin,2012-08-16
FW_TV-IP310PI-5.0.0.dav,2014-01-20
FW_TV-IP410W_1.1.1-54_20120203_r1124.pck,2012-02-06
FW_TV-IP672P_TV-IP672W(1.1.1).bin,2013-08-21
update_TV-IP572P_TV-IP572W_1.0.2_2709.bin,2013-05-09
FW_TV-IP212_1.0.0-64_20081216.pck,2008-12-17
tvip651w_v102_01.bin,2012-04-23
FW_TV-IP572P_TV-IP572W(1.1.1).bin,2013-08-15
FW_TV-IP312PI_5.1.8_150311.dav,2015-03-11
FW_TV-IP410W_1.1.1-55_20130326_r1252.pck,2013-04-17
update_TV-IP672PI_TV-IP672WI_1.0.2_2709.bin,2013-05-10
FW_TV-IP121W_1.1.1-36_20130325_r1252.pck,2013-04-25
FW_TV-IP651WI_v1.07.01.bin,2015-10-07
FW_TV-IP262P_1.0.1-21_20120516_r3832.pck,2012-05-17
FW_TV-IP562WI_1.0.2_4304.bin,2014-10-06
FW_TV-IP121CWN_1.2.2-23_20120207_r574.pck,2012-02-07
update_TV-IP672PI_TV-IP672WI_1.1.3_5607.bin,2015-10-21
tvip751wc_v100_01.bin,2012-12-05
FW_TV-IP312_1.1.0-53_20110217_r978.pck,2011-02-18
tvip851wic_v100_01.bin,2012-11-23
FW_TV-IP651W_v1.07.01.bin,2015-10-07
FW_TV-IP522P_1.0.0_4112.bin,2010-05-17
tvip651wi_v102_02.bin,2012-04-27
FW_TV-IP662PI_TV-IP662WI_1.0.4_5330.bin,2015-08-14
FW_TV-IP321PI_5.1.6.dav,2014-08-01
update_TV-IP745SIC_1.0.0_4312.bin,2014-09-15
tvip551wi_v106_08.bin,2014-03-11
TE100-MP1U_v2.60.bin,2010-02-11
FW_TV-IP512P_TV-IP512WN(1.0.1.3217).bin,2009-07-17
FW_TV-IP110WN_1.1.1-24_20130325_r1252.pck,2013-04-08
FW_TV-VS1_1.0.0-13_20110624_r3543.pck,2011-06-29
FW_TV-IP342PI_343PI(1.03.48).bin,2016-06-08
FW_TV-IP422W_1.1.1-98.pck,2015-01-22
FW_TV-IP110_1.1.2-73_20130521_r1283.pck,2013-06-06
FW_TV-IP572PI_TV-IP572WI_1.1.2.bin,2014-04-02
FW_TV-IP212_1.1.1-80_20130322_r1252.pck,2013-04-17
FW_TV-IP422WN_1.1.1-29.pck,2015-01-22
FW_TV-IP551W(v1.05.04)_032813.bin,2013-03-28
FW_TV-IP312WN_1.1.1-34_20130322_r1252.pck,2013-04-03
FW_TV-IP762IC_1.0.1_4311.bin,2014-09-29
FW_TV-IP262P_1.0.3-28_20131219_r4288.pck,2014-01-17
tvip551w_v104_01.bin,2012-11-28
FW_TV-IP410_1.1.2-52_20130924_r1287.pck,2013-10-02
FW_TV-IP301_1.20-58_20070727.bin,2007-08-03
FW_TV-IP312_1.1.1-60_20130322_r1252.pck,2013-04-04
FW_TV-IP851WIC_v1.03.03.bin,2015-10-12
tvip851wc_v100_01.bin,2012-11-23
FW_TV-IP572P_TV-IP572W_1.1.0_2728.bin,2013-05-28
FW_TV-IP262PI_1.1.2-18_20131219_r4288.pck,2014-01-17
update_TV-IP672PI_TV-IP672WI_1.0.0_1418.bin,2012-05-03
tvip551wi_v103_01.bin,2012-08-16
FW_TV-IP212W_1.1.1-50_20120206_r1139.pck,2012-02-07
FW__V1.03.41_20150106_085628.bin,2015-01-06
FW_TV-IP342PI_V1.03.38_20140820_103110.bin,2014-09-02
TV-IP302PI_V1.02.32_20130711.bin,2013-07-16
FW_TV-IP572P_TV-IP572W(1.0.1_1928).bin,2012-11-09
FW_TV-IP201P(v2.00.113).bin,2009-02-11
tvip551wi_v104_01.bin,2012-11-28
FW_TV-IP312W_1.1.0-67_20110217_r978.pck,2011-02-18
FW_TV-IP572PI_TV-IP572WI_1.0.1.1928.bin,2012-11-09
FW_TV-IP262PI_1.1.3-21_20140409_r4308.pck,2014-04-10
TV-IP320PI__V5.1.7(141111).dav,2014-11-11
FW_TV-IP322WI_5.1.7_150811.dav,2015-08-11
FW_344345_V1.2.2_20170207.bin,2017-02-10
update_TV-IP512P_TV-IP512WN_1.0.2_3411.bin,2009-09-28
FW_TV-IP110_1.1.1-72_20130325_r1252.pck,2013-04-23
FW_TV-IP322P_1.0.1-14_20120203_r3758.pck,2012-02-06
TV-IP344PI_345PI_8139_V1.1.4_20160925_144823.bin,2016-09-27
FW_TV-IP212_1.1.0-76_20100224_r175.pck,2010-03-02
tvip751wic_v102_10.bin,2014-03-31
FW_TV-IP410W_1.1.2-56_20130924_r1287.pck,2013-10-02
FW_TV-IP311PI-5.1.6.dav,2014-06-19
FW_TV-IP262PI_1.1.0-15_20130305_r3967.pck,2013-03-11
TS-S402_FW_2_00_11.bin,2009-12-28
TRENDnet_V115_EU_20160524.bin,2016-05-24
FW_TV-IP212W_1.1.1.49.pck,2012-02-07
FW_TV-IP551WI_V1(1.07.01).bin,2015-10-07
update_TV-IP522P_1.0.0_4002.bin,2010-02-04
FW_TV-IP121CWN_1.2.1-20_20111220_r558.pck,2011-12-20
tvip651w_v103_01.bin,2012-08-16
FW_TV-IP311PI-5.1.8.dav,2014-12-03
update_TV-IP522P_1.0.2_6005.bin,2011-10-07
TV-IP302PI_V1.02.34_20131216.bin,2013-12-16
FW_TV-IP422WN_v1_1.1.1-28_20130321_r1252.pck,2013-03-27
update_TV-IP612P_612WN_1.0.0_4702.bin,2010-09-07
FW_TV-IP311PI-5.0.1.dav,2014-03-03
FW_TV-IP751WIC(v1.01.01)_032813.bin,2013-03-28
tvip751wc_v102_10.bin,2014-03-31
TE100-MP1U_v2.50.bin,2009-02-06
update_TV-IP572P_TV-IP572W_1.0.0_1412.bin,2012-04-24
FW_TV-IP422_1.1.0-67_20110216_r978.pck,2011-02-18
update_TV-IP572PI_TV-IP572WI_1.0.2_2709.bin,2013-05-09
FW_TV-IP422W_1.1.1-95_20120203_r1126.pck,2012-02-06
tvip651w_v106_08.bin,2014-03-11
update_TV-IP672P_TV-IP672W_1.0.0_1418.bin,2012-05-03
FW_TV-IP252P_1.1.2_20130517_r1278.pck,2013-05-17
tvip851wic_v102_10.bin,2014-03-31
FW_TV-IP430PI_5.2.5_150427.dav,2015-04-27
TRENDnet_V111_US_20140110.bin,2014-01-10
FW_TV-VS1_1.0.1-14_20120204_r3763_ref3622.pck,2012-02-08
FW_TV-IP212W_1.1.0-48_20100223_r173.pck,2010-03-02
FW_TV-IP252P_1.1.3-83_20131219_r1292.pck,2014-01-17
TE100-MFP1.bin,2011-09-27
update_TV-IP522P_1.0.2_5526.bin,2011-05-30
digicap.dav,2014-05-22
digicap.dav,2018-10-26
Trendnet__V1.03.34_20140707_131833.bin,2014-07-07
update_TV-IP612P_1.0.1_5613.bin,2011-06-17
digicap.dav,2019-03-05
FW_TPL-310AP_v1.0R(1.61).bin,2010-12-07
